customer_id,age,income,category,purchase_date,product_name,rating,is_premium,notes
0,,44341.562352865156,B,2023-01-01,Product D,3,True,Note for customer 0
1,,34972.48335679403,C,2023-01-02,Product C,4,True,Note for customer 1
2,,22693.07713569102,B,2023-01-03,Product C,5,True,Note for customer 2
3,,15939.117885728794,C,2023-01-04,Product C,2,True,Note for customer 3
4,,31229.288168034192,C,2023-01-05,Product B,3,True,Note for customer 4
5,,26815.696697445055,D,2023-01-06,Product B,4,True,Note for customer 5
6,,34461.45079419379,C,2023-01-07,Product A,4,True,Note for customer 6
7,,30260.118422700518,B,2023-01-08,Product C,1,False,Note for customer 7
8,,37226.507647029866,D,2023-01-09,Product D,1,False,Note for customer 8
9,,16854.658968676587,A,2023-01-10,Product B,2,True,Note for customer 9
10,,42561.14525400628,A,2023-01-11,Product D,1,True,Note for customer 10
11,,24313.810527339676,D,2023-01-12,Product D,2,True,Note for customer 11
12,,62170.160961400186,B,2023-01-13,Product B,5,False,Note for customer 12
13,,15605.927530250683,A,2023-01-14,Product B,2,False,Note for customer 13
14,,52469.215311868495,A,2023-01-15,Product B,1,True,Note for customer 14
15,,24317.593792479944,C,2023-01-16,Product B,5,False,Note for customer 15
16,,15903.444471792822,C,2023-01-17,Product C,1,True,Note for customer 16
17,,17293.000149531123,B,2023-01-18,Product C,2,True,Note for customer 17
18,,18766.456864822852,D,2023-01-19,Product C,3,True,Note for customer 18
19,,27230.22839348559,B,2023-01-20,Product C,4,True,Note for customer 19
20,,28607.315305595086,D,2023-01-21,Product A,1,False,Note for customer 20
21,,16533.600745394462,A,2023-01-22,Product C,2,False,Note for customer 21
22,,21759.86950348723,C,2023-01-23,Product B,5,True,Note for customer 22
23,,64288.444340343995,B,2023-01-24,Product D,1,False,Note for customer 23
24,,52248.767709949076,B,2023-01-25,Product C,1,False,Note for customer 24
25,,27396.261318518842,D,2023-01-26,Product A,4,True,Note for customer 25
26,,22449.008762646306,D,2023-01-27,Product B,2,False,Note for customer 26
27,,23388.872717600992,B,2023-01-28,Product D,3,True,Note for customer 27
28,,29934.261901976985,D,2023-01-29,Product D,5,True,Note for customer 28
29,,13208.339869998128,B,2023-01-30,Product C,2,True,Note for customer 29
30,,19366.72626024665,B,2023-01-31,Product D,5,True,Note for customer 30
31,,9563.489625813629,B,2023-02-01,Product C,1,False,Note for customer 31
32,,26892.737865119754,A,2023-02-02,Product C,4,True,Note for customer 32
33,,30442.59231611427,D,2023-02-03,Product B,4,False,Note for customer 33
34,,17299.04832488169,C,2023-02-04,Product B,3,True,Note for customer 34
35,,48387.33484208845,C,2023-02-05,Product A,4,True,Note for customer 35
36,,11933.6470024749,D,2023-02-06,Product B,1,False,Note for customer 36
37,,10591.558129177345,B,2023-02-07,Product B,3,True,Note for customer 37
38,,24642.45159578017,C,2023-02-08,Product C,2,False,Note for customer 38
39,,37180.85106107967,C,2023-02-09,Product B,4,False,Note for customer 39
40,,51121.674548780866,D,2023-02-10,Product C,3,True,Note for customer 40
41,,17510.5330700456,C,2023-02-11,Product C,1,True,Note for customer 41
42,,37772.644030656746,B,2023-02-12,Product B,5,True,Note for customer 42
43,,21606.419859924314,D,2023-02-13,Product A,5,True,Note for customer 43
44,,20205.019649715854,B,2023-02-14,Product A,1,True,Note for customer 44
45,,34263.29586312594,C,2023-02-15,Product D,1,True,Note for customer 45
46,,30520.731078985827,C,2023-02-16,Product D,5,False,Note for customer 46
47,,10014.646210429819,B,2023-02-17,Product B,3,False,Note for customer 47
48,,46086.261752457714,A,2023-02-18,Product A,5,True,Note for customer 48
49,,43916.512929539575,C,2023-02-19,Product C,1,False,Note for customer 49
50,,16110.373322551102,A,2023-02-20,Product D,4,False,Note for customer 50
51,31.149177195836835,26846.79609425847,C,2023-02-21,Product C,2,True,Note for customer 51
52,28.230779996940413,28198.24703575365,A,2023-02-22,Product D,4,True,Note for customer 52
53,41.11676288840868,25092.8163487623,A,2023-02-23,Product B,4,False,Note for customer 53
54,45.30999522495951,16728.136868534344,A,2023-02-24,Product A,1,True,Note for customer 54
55,44.31280119116199,15743.585886904162,B,2023-02-25,Product D,5,False,Note for customer 55
56,26.607824767773614,21746.823165755894,A,2023-02-26,Product A,3,True,Note for customer 56
57,31.907876241487855,39591.293407800535,A,2023-02-27,Product C,4,False,Note for customer 57
58,38.31263431403564,28905.873169087583,A,2023-02-28,Product B,5,False,Note for customer 58
59,44.75545127122359,18300.667873019036,C,2023-03-01,Product A,3,False,Note for customer 59
60,30.2082576215471,32397.915241891664,A,2023-03-02,Product B,4,False,Note for customer 60
61,33.14341023336183,5301.413116120211,C,2023-03-03,Product A,3,True,Note for customer 61
62,23.936650259939718,39119.754563349015,A,2023-03-04,Product C,5,True,Note for customer 62
63,23.037933759193294,9229.34269154871,A,2023-03-05,Product C,2,False,Note for customer 63
64,43.125258223941984,18375.61015599978,B,2023-03-06,Product B,5,False,Note for customer 64
65,48.56240028570823,12583.793724118537,C,2023-03-07,Product C,1,True,Note for customer 65
66,34.27989878419666,11529.442525022754,A,2023-03-08,Product D,3,True,Note for customer 66
67,45.03532897892024,39356.38072012048,C,2023-03-09,Product A,2,False,Note for customer 67
68,38.61636025047634,17433.50832929949,C,2023-03-10,Product C,3,False,Note for customer 68
69,28.548802453948756,26193.11688354882,D,2023-03-11,Product D,3,False,Note for customer 69
70,38.61395605508414,21515.732927148645,B,2023-03-12,Product B,4,False,Note for customer 70
71,50.38036566465969,27959.726476034142,B,2023-03-13,Product D,1,False,Note for customer 71
72,34.64173960890049,22888.982163467117,B,2023-03-14,Product B,3,True,Note for customer 72
73,50.64643655814006,11597.025106940877,D,2023-03-15,Product B,5,False,Note for customer 73
74,8.802548959102555,36247.779735224074,D,2023-03-16,Product A,5,True,Note for customer 74
75,43.21902504375224,17207.862981359845,B,2023-03-17,Product A,4,True,Note for customer 75
76,35.870470682381715,10114.3354771351,D,2023-03-18,Product D,1,True,Note for customer 76
77,32.009926495341325,17782.00766112668,D,2023-03-19,Product A,1,False,Note for customer 77
78,35.91760776535502,46647.746348232205,D,2023-03-20,Product A,5,True,Note for customer 78
79,15.124310853991073,33695.206674861125,B,2023-03-21,Product A,2,True,Note for customer 79
80,32.80328112162488,18502.736754406324,B,2023-03-22,Product D,4,True,Note for customer 80
81,38.57112571511746,18497.135252153603,B,2023-03-23,Product C,4,True,Note for customer 81
82,49.77894044741516,18754.377567050407,D,2023-03-24,Product A,5,False,Note for customer 82
83,29.817297817263526,62216.405114932364,B,2023-03-25,Product A,5,False,Note for customer 83
84,26.915063971068122,26661.283240215274,D,2023-03-26,Product D,2,True,Note for customer 84
85,29.982429564154636,27310.34435745078,A,2023-03-27,Product C,2,True,Note for customer 85
86,44.15402117702074,36869.56625604497,D,2023-03-28,Product A,1,False,Note for customer 86
87,38.287511096596845,24819.739906493418,C,2023-03-29,Product B,4,False,Note for customer 87
88,29.702397962329613,19350.604283459208,B,2023-03-30,Product D,4,False,Note for customer 88
89,40.13267433113356,19966.77808141838,B,2023-03-31,Product A,5,True,Note for customer 89
90,35.9707754934804,21251.852994519246,C,2023-04-01,Product A,1,False,Note for customer 90
91,44.68644990532889,21620.319774096464,D,2023-04-02,Product B,4,True,Note for customer 91
92,27.979469061226474,31691.848187233165,A,2023-04-03,Product B,1,True,Note for customer 92
93,31.723378534022316,22606.052132954228,C,2023-04-04,Product D,1,False,Note for customer 93
94,31.078918468678424,31771.344259844616,C,2023-04-05,Product D,5,True,Note for customer 94
95,20.364850518678814,21155.214656464086,D,2023-04-06,Product B,1,False,Note for customer 95
96,37.96120277064576,22909.743860999522,B,2023-04-07,Product D,2,True,Note for customer 96
97,37.610552721798896,8110.37720993666,D,2023-04-08,Product B,2,False,Note for customer 97
98,35.05113456642461,34827.54366573205,C,2023-04-09,Product A,3,True,Note for customer 98
99,32.65412866624853,26192.915120937298,C,2023-04-10,Product B,5,True,Note for customer 99
100,20.84629257949586,-1000.0,B,2023-04-11,Product B,3,False,Note for customer 100
101,30.79354677234641,-1000.0,B,2023-04-12,Product C,2,False,Note for customer 101
102,31.572854834732304,-1000.0,B,2023-04-13,Product B,3,False,Note for customer 102
103,26.97722730778381,-1000.0,D,2023-04-14,Product B,5,False,Note for customer 103
104,33.387142883339905,-1000.0,B,2023-04-15,Product C,5,True,Note for customer 104
105,39.040508568145384,-1000.0,C,2023-04-16,Product D,1,False,Note for customer 105
106,53.8618590121053,-1000.0,C,2023-04-17,Product C,4,False,Note for customer 106
107,36.74577812831839,-1000.0,A,2023-04-18,Product A,1,True,Note for customer 107
108,37.57550390722764,-1000.0,D,2023-04-19,Product C,5,False,Note for customer 108
109,34.25554084233833,-1000.0,A,2023-04-20,Product A,2,False,Note for customer 109
110,15.812287847009586,-1000.0,C,2023-04-21,Product D,2,True,Note for customer 110
111,34.73486124550783,-1000.0,A,2023-04-22,Product C,1,False,Note for customer 111
112,35.60230209941027,-1000.0,C,2023-04-23,Product C,5,False,Note for customer 112
113,59.63242112485286,-1000.0,A,2023-04-24,Product D,2,False,Note for customer 113
114,33.076390352188774,-1000.0,B,2023-04-25,Product A,5,False,Note for customer 114
115,38.015473423336125,-1000.0,A,2023-04-26,Product C,2,False,Note for customer 115
116,34.65288230294757,-1000.0,B,2023-04-27,Product A,5,False,Note for customer 116
117,23.313219623804677,-1000.0,B,2023-04-28,Product C,3,True,Note for customer 117
118,46.42822814515021,-1000.0,D,2023-04-29,Product B,5,False,Note for customer 118
119,42.519330326867745,-1000.0,B,2023-04-30,Product C,5,True,Note for customer 119
120,42.910319470430466,-1000.0,B,2023-05-01,Product D,1,True,Note for customer 120
121,25.90612545205261,-1000.0,A,2023-05-02,Product D,3,True,Note for customer 121
122,49.02794310936099,-1000.0,C,2023-05-03,Product A,4,True,Note for customer 122
123,20.981489372077192,-1000.0,D,2023-05-04,Product C,1,False,Note for customer 123
124,40.868570938002705,-1000.0,B,2023-05-05,Product A,4,False,Note for customer 124
125,56.90455625809979,-1000.0,D,2023-05-06,Product A,2,False,Note for customer 125
126,25.094636748693116,-1000.0,A,2023-05-07,Product B,4,True,Note for customer 126
127,29.33702270397228,-1000.0,B,2023-05-08,Product B,5,False,Note for customer 127
128,35.99651365087641,-1000.0,A,2023-05-09,Product D,4,False,Note for customer 128
129,29.965243458838007,-1000.0,D,2023-05-10,Product A,1,False,Note for customer 129
130,19.493365689338674,-1000.0,A,2023-05-11,Product D,1,True,Note for customer 130
131,35.68562974806027,-1000.0,D,2023-05-12,Product C,4,True,Note for customer 131
132,24.37696286273895,-1000.0,A,2023-05-13,Product A,1,False,Note for customer 132
133,39.73592430635182,-1000.0,D,2023-05-14,Product A,1,True,Note for customer 133
134,25.80575765766197,-1000.0,C,2023-05-15,Product C,4,True,Note for customer 134
135,50.499344050175395,-1000.0,A,2023-05-16,Product C,3,False,Note for customer 135
136,27.167467076637628,-1000.0,A,2023-05-17,Product D,3,True,Note for customer 136
137,31.779384837943244,-1000.0,C,2023-05-18,Product D,2,True,Note for customer 137
138,43.135172173696695,-1000.0,C,2023-05-19,Product C,1,False,Note for customer 138
139,22.69135683566045,-1000.0,A,2023-05-20,Product D,4,True,Note for customer 139
140,37.27459934604129,-1000.0,C,2023-05-21,Product C,1,True,Note for customer 140
141,48.07142754282428,-1000.0,B,2023-05-22,Product A,5,True,Note for customer 141
142,18.925167654387725,-1000.0,D,2023-05-23,Product A,1,True,Note for customer 142
143,36.84633858532304,-1000.0,D,2023-05-24,Product B,1,True,Note for customer 143
144,37.598827942484235,-1000.0,D,2023-05-25,Product A,3,True,Note for customer 144
145,42.8182287177731,-1000.0,B,2023-05-26,Product C,4,True,Note for customer 145
146,22.63049289121918,-1000.0,C,2023-05-27,Product D,1,True,Note for customer 146
147,21.795433869157236,-1000.0,C,2023-05-28,Product B,3,False,Note for customer 147
148,40.21941565616898,-1000.0,A,2023-05-29,Product D,2,False,Note for customer 148
149,37.96984673233186,-1000.0,C,2023-05-30,Product C,3,False,Note for customer 149
150,37.504928503458764,-1000.0,A,2023-05-31,Product A,3,False,Note for customer 150
151,38.46448209496975,7504.851395946262,B,2023-06-01,Product B,3,True,Note for customer 151
152,28.199752784215093,16002.802244297542,D,2023-06-02,Product C,1,False,Note for customer 152
153,37.322536971610035,11366.83408404054,D,2023-06-03,Product B,1,False,Note for customer 153
154,37.93072473298681,50061.50257757583,D,2023-06-04,Product B,2,True,Note for customer 154
155,27.85648581973632,36494.19714750097,C,2023-06-05,Product A,5,True,Note for customer 155
156,53.65774511144757,15614.024993832298,A,2023-06-06,Product C,5,True,Note for customer 156
157,39.73832920911788,67928.97158065368,A,2023-06-07,Product D,5,True,Note for customer 157
158,23.086965027973513,35985.909696245144,B,2023-06-08,Product B,2,True,Note for customer 158
159,41.5655360863383,18724.428893592976,C,2023-06-09,Product B,5,False,Note for customer 159
160,25.253183297726785,6312.563560753703,B,2023-06-10,Product D,5,True,Note for customer 160
161,42.87084603742452,69249.50571228468,A,2023-06-11,Product C,3,False,Note for customer 161
162,46.58595579007404,10995.196412358911,A,2023-06-12,Product B,1,False,Note for customer 162
163,26.793176816482895,9675.001050933106,D,2023-06-13,Product B,1,True,Note for customer 163
164,44.63376129244322,36727.652190269466,C,2023-06-14,Product B,3,False,Note for customer 164
165,39.12780926936498,74598.539120847,A,2023-06-15,Product C,3,False,Note for customer 165
166,43.2206015999449,44008.426646424145,D,2023-06-16,Product C,3,True,Note for customer 166
167,53.967929826539475,29200.892709324115,C,2023-06-17,Product D,1,False,Note for customer 167
168,32.54611883997129,29654.737452393576,B,2023-06-18,Product C,5,False,Note for customer 168
169,27.462638356425103,33749.05781742138,C,2023-06-19,Product C,3,False,Note for customer 169
170,26.104855703744768,32191.71160713422,C,2023-06-20,Product A,2,True,Note for customer 170
171,26.841897150345616,25351.564218429794,A,2023-06-21,Product D,3,True,Note for customer 171
172,34.228982905858956,23204.477900350423,A,2023-06-22,Product B,4,True,Note for customer 172
173,38.41151974816644,21347.788625882476,C,2023-06-23,Product C,3,False,Note for customer 173
174,37.766907993300194,15108.574443282618,A,2023-06-24,Product B,1,True,Note for customer 174
175,43.27183249036024,19142.427040018945,A,2023-06-25,Product B,3,False,Note for customer 175
176,35.13001891877907,9447.652650902419,A,2023-06-26,Product A,4,True,Note for customer 176
177,49.53534077157317,20969.623858332132,D,2023-06-27,Product C,2,False,Note for customer 177
178,32.35343166762044,13436.154457010318,D,2023-06-28,Product D,5,True,Note for customer 178
179,62.20169166589619,12685.378898474215,C,2023-06-29,Product C,3,True,Note for customer 179
180,41.25667347765006,24099.516946802796,A,2023-06-30,Product B,4,False,Note for customer 180
181,26.428424435837172,44178.8365879547,D,2023-07-01,Product D,4,True,Note for customer 181
182,24.291075019388877,34862.195688846106,C,2023-07-02,Product C,2,False,Note for customer 182
183,39.824724152431855,10044.19061594618,A,2023-07-03,Product B,1,True,Note for customer 183
184,32.76537214674149,13429.189419175746,B,2023-07-04,Product B,3,True,Note for customer 184
185,42.14000494092092,35255.80917643928,A,2023-07-05,Product A,4,False,Note for customer 185
186,39.73237624573545,13477.222311170695,A,2023-07-06,Product A,2,False,Note for customer 186
187,34.271710873431275,19686.402047589,D,2023-07-07,Product A,5,False,Note for customer 187
188,26.53206281931595,28999.27328487185,C,2023-07-08,Product B,4,True,Note for customer 188
189,19.851527753141355,13572.86384001461,C,2023-07-09,Product C,2,False,Note for customer 189
190,30.53485047932979,23218.10759652445,D,2023-07-10,Product A,1,True,Note for customer 190
191,43.56398794323472,11304.851541779686,A,2023-07-11,Product C,1,False,Note for customer 191
192,37.14093744130204,16306.452673913127,B,2023-07-12,Product A,4,False,Note for customer 192
193,22.54261221288012,25845.478897842808,A,2023-07-13,Product D,4,False,Note for customer 193
194,36.73180925851182,9931.860819947053,A,2023-07-14,Product D,3,False,Note for customer 194
195,38.85317379728837,27453.182244509848,B,2023-07-15,Product A,2,False,Note for customer 195
196,26.16142563798867,21811.24846937857,D,2023-07-16,Product B,4,False,Note for customer 196
197,36.53725105945528,29034.642854345922,C,2023-07-17,Product A,3,True,Note for customer 197
198,35.58208718446,24635.827554156407,D,2023-07-18,Product A,3,False,Note for customer 198
199,23.57029702169377,43567.651460591216,D,2023-07-19,Product B,4,True,Note for customer 199
200,200.0,23449.682898335446,A,2023-07-20,Product D,1,False,Note for customer 200
201,200.0,17770.538586451563,C,2023-07-21,Product C,2,False,Note for customer 201
202,200.0,23415.38939231112,C,2023-07-22,Product A,2,False,Note for customer 202
203,200.0,28901.506897355484,D,2023-07-23,Product B,1,True,Note for customer 203
204,200.0,22571.199973876428,B,2023-07-24,Product A,4,True,Note for customer 204
205,200.0,22478.078977125122,D,2023-07-25,Product B,2,False,Note for customer 205
206,200.0,15506.33852010768,B,2023-07-26,Product C,4,True,Note for customer 206
207,200.0,15812.397151954865,C,2023-07-27,Product C,4,False,Note for customer 207
208,200.0,10923.780227788387,D,2023-07-28,Product D,3,False,Note for customer 208
209,200.0,52827.56361239853,A,2023-07-29,Product B,1,True,Note for customer 209
210,200.0,11826.149078591923,D,2023-07-30,Product B,4,True,Note for customer 210
211,200.0,15576.94789152418,C,2023-07-31,Product D,5,True,Note for customer 211
212,200.0,15379.586655070205,A,2023-08-01,Product D,1,True,Note for customer 212
213,200.0,34456.81874418133,A,2023-08-02,Product B,2,False,Note for customer 213
214,200.0,19006.288191735213,B,2023-08-03,Product D,3,True,Note for customer 214
215,200.0,41104.42407162953,A,2023-08-04,Product C,2,True,Note for customer 215
216,200.0,15728.894091296594,A,2023-08-05,Product A,2,False,Note for customer 216
217,200.0,25323.727501244346,D,2023-08-06,Product C,1,True,Note for customer 217
218,200.0,14506.128196569225,C,2023-08-07,Product D,2,True,Note for customer 218
219,200.0,64381.04676511177,B,2023-08-08,Product B,4,True,Note for customer 219
220,200.0,12163.57112545343,D,2023-08-09,Product B,2,True,Note for customer 220
221,200.0,25717.0726329219,A,2023-08-10,Product C,3,False,Note for customer 221
222,200.0,30239.020547481072,A,2023-08-11,Product B,3,False,Note for customer 222
223,200.0,27089.447739315932,B,2023-08-12,Product D,5,True,Note for customer 223
224,200.0,20077.522215736495,C,2023-08-13,Product C,3,True,Note for customer 224
225,200.0,20642.134916705836,B,2023-08-14,Product B,2,False,Note for customer 225
226,200.0,22514.295364787606,D,2023-08-15,Product A,3,True,Note for customer 226
227,200.0,20465.565051756163,B,2023-08-16,Product A,1,True,Note for customer 227
228,200.0,35665.51585106736,A,2023-08-17,Product D,3,True,Note for customer 228
229,200.0,66520.23730977906,D,2023-08-18,Product B,4,True,Note for customer 229
230,200.0,16668.13526059774,A,2023-08-19,Product D,1,True,Note for customer 230
231,200.0,11104.420044103426,C,2023-08-20,Product C,5,True,Note for customer 231
232,200.0,21075.341269275308,A,2023-08-21,Product A,4,True,Note for customer 232
233,200.0,80005.82062542897,A,2023-08-22,Product C,2,True,Note for customer 233
234,200.0,14737.679373702233,B,2023-08-23,Product B,2,True,Note for customer 234
235,200.0,49989.00712419789,A,2023-08-24,Product D,2,False,Note for customer 235
236,200.0,50962.75786635205,D,2023-08-25,Product D,4,False,Note for customer 236
237,200.0,16700.699423023376,D,2023-08-26,Product D,4,False,Note for customer 237
238,200.0,29275.068829315645,C,2023-08-27,Product C,4,True,Note for customer 238
239,200.0,49721.77831431933,D,2023-08-28,Product A,1,True,Note for customer 239
240,200.0,18222.93290340564,B,2023-08-29,Product C,1,False,Note for customer 240
241,200.0,19894.723403484346,C,2023-08-30,Product C,2,True,Note for customer 241
242,200.0,16467.755618931,D,2023-08-31,Product B,3,False,Note for customer 242
243,200.0,13261.516645044225,B,2023-09-01,Product B,2,True,Note for customer 243
244,200.0,15920.473914706205,D,2023-09-02,Product B,5,False,Note for customer 244
245,200.0,11944.543791642374,D,2023-09-03,Product A,1,False,Note for customer 245
246,200.0,22405.051686364044,A,2023-09-04,Product A,4,False,Note for customer 246
247,200.0,14988.123270168746,D,2023-09-05,Product B,1,True,Note for customer 247
248,200.0,24757.727856697704,D,2023-09-06,Product B,4,False,Note for customer 248
249,200.0,10117.806566393549,B,2023-09-07,Product A,5,True,Note for customer 249
250,200.0,25989.29797986066,B,2023-09-08,Product D,5,True,Note for customer 250
251,44.17861947054776,33415.14371352226,A,2023-09-09,Product A,1,True,Note for customer 251
252,56.22156197012633,8128.504023933588,D,2023-09-10,Product A,4,True,Note for customer 252
253,45.32465260551147,26556.45929224198,A,2023-09-11,Product A,5,True,Note for customer 253
254,19.806300340459867,40693.94123061396,D,2023-09-12,Product B,2,True,Note for customer 254
255,30.157659271337486,12030.248803251474,C,2023-09-13,Product D,2,True,Note for customer 255
256,47.669111491866225,50832.2458703811,C,2023-09-14,Product A,4,False,Note for customer 256
257,27.923305343812192,27160.242350043456,A,2023-09-15,Product B,1,False,Note for customer 257
258,39.43819428146229,15482.940317856235,A,2023-09-16,Product C,5,False,Note for customer 258
259,42.74634053429337,21420.75222297658,A,2023-09-17,Product C,1,True,Note for customer 259
260,25.73069528421917,29119.503623261586,B,2023-09-18,Product A,2,True,Note for customer 260
261,34.404746439382,22879.6396476991,B,2023-09-19,Product C,5,True,Note for customer 261
262,2.5873265993092716,28835.945520159614,B,2023-09-20,Product D,1,True,Note for customer 262
263,24.756123586657104,13900.265274878599,A,2023-09-21,Product C,3,False,Note for customer 263
264,32.4743184860684,23972.92654625241,D,2023-09-22,Product C,4,True,Note for customer 264
265,22.522168180351507,10863.27106905676,C,2023-09-23,Product D,4,False,Note for customer 265
266,51.32411303931635,20834.94635971768,A,2023-09-24,Product A,3,True,Note for customer 266
267,20.698586220393672,14017.280645640412,B,2023-09-25,Product A,2,False,Note for customer 267
268,30.59955513303016,15248.478837582537,B,2023-09-26,Product D,5,True,Note for customer 268
269,36.30740577286091,40865.709326727236,A,2023-09-27,Product D,4,False,Note for customer 269
270,49.412732890661154,38011.91948937414,A,2023-09-28,Product D,3,True,Note for customer 270
271,20.641378488205607,29868.779812824276,B,2023-09-29,Product C,3,False,Note for customer 271
272,46.63163752154959,12757.104583914694,D,2023-09-30,Product D,2,True,Note for customer 272
273,35.10233061019587,18803.452492064233,B,2023-10-01,Product B,2,False,Note for customer 273
274,25.18491348952049,40398.53698252114,B,2023-10-02,Product C,1,False,Note for customer 274
275,39.62103474263271,23643.853286496047,A,2023-10-03,Product A,4,True,Note for customer 275
276,36.9905969557347,70239.40589024566,D,2023-10-04,Product A,1,False,Note for customer 276
277,28.997831228412053,26813.4503598111,B,2023-10-05,Product A,3,True,Note for customer 277
278,35.69802084990019,24246.427313778036,B,2023-10-06,Product C,5,True,Note for customer 278
279,31.1468640313824,18872.134875103668,C,2023-10-07,Product B,5,True,Note for customer 279
280,36.13517345251248,23547.39440604521,A,2023-10-08,Product D,2,False,Note for customer 280
281,41.62130674521047,20409.69030112884,C,2023-10-09,Product D,5,False,Note for customer 281
282,50.86016816145352,31384.02669068812,C,2023-10-10,Product A,5,True,Note for customer 282
283,22.62184501173151,35537.76306511538,B,2023-10-11,Product A,5,True,Note for customer 283
284,56.330333746562665,14868.575972629866,A,2023-10-12,Product C,3,False,Note for customer 284
285,15.479122004774982,11320.647199472269,D,2023-10-13,Product B,5,False,Note for customer 285
286,33.482149049644164,8794.636389470072,B,2023-10-14,Product D,5,False,Note for customer 286
287,40.883172064845766,28395.77551054483,D,2023-10-15,Product C,5,True,Note for customer 287
288,37.809918677350325,12686.79156410248,D,2023-10-16,Product D,1,True,Note for customer 288
289,28.773004801794063,7506.726044171242,A,2023-10-17,Product A,3,True,Note for customer 289
290,32.918777496427246,26749.987960933257,C,2023-10-18,Product D,2,True,Note for customer 290
291,30.069990653411672,76611.29190106827,A,2023-10-19,Product B,1,True,Note for customer 291
292,29.106352430557884,21959.706805357917,D,2023-10-20,Product B,4,False,Note for customer 292
293,43.496020970210246,33498.14647660297,B,2023-10-21,Product A,3,True,Note for customer 293
294,38.57015485965047,22946.361882262183,D,2023-10-22,Product B,3,False,Note for customer 294
295,28.07090404739346,20963.8577279272,B,2023-10-23,Product B,4,False,Note for customer 295
296,43.995998754332504,34875.44369548377,B,2023-10-24,Product C,4,True,Note for customer 296
297,38.072995208766095,19050.768632539297,A,2023-10-25,Product D,4,False,Note for customer 297
298,43.1286211883896,25177.251738828945,D,2023-10-26,Product A,2,True,Note for customer 298
299,41.29628841923612,25870.249075435935,C,2023-10-27,Product A,5,False,Note for customer 299
300,26.710049890779278,15771.420834104138,INVALID,2023-10-28,Product A,3,True,Note for customer 300
301,29.398189598030307,36171.29671130928,INVALID,2023-10-29,Product A,5,True,Note for customer 301
302,42.472936051232615,20181.46971740542,INVALID,2023-10-30,Product A,5,False,Note for customer 302
303,41.10370265433465,15095.129487165666,INVALID,2023-10-31,Product B,4,True,Note for customer 303
304,34.79098406035852,28803.5787853791,INVALID,2023-11-01,Product C,2,False,Note for customer 304
305,36.17327383308782,14055.457157045557,INVALID,2023-11-02,Product A,1,True,Note for customer 305
306,47.77664895788425,22339.028366541308,INVALID,2023-11-03,Product C,2,True,Note for customer 306
307,29.084286111641703,21926.264767770852,INVALID,2023-11-04,Product C,5,True,Note for customer 307
308,40.470973811700375,37909.14985524157,INVALID,2023-11-05,Product B,2,False,Note for customer 308
309,32.97807347566106,27926.996499500914,INVALID,2023-11-06,Product A,4,False,Note for customer 309
310,32.8231879677278,21752.555429513744,INVALID,2023-11-07,Product B,1,True,Note for customer 310
311,45.9877685198719,33152.82297483244,INVALID,2023-11-08,Product A,4,False,Note for customer 311
312,43.2541634898803,44139.20966704216,INVALID,2023-11-09,Product B,1,True,Note for customer 312
313,43.135096360006386,29111.98293699411,INVALID,2023-11-10,Product C,5,False,Note for customer 313
314,48.05478807154329,22140.777208653002,INVALID,2023-11-11,Product A,1,False,Note for customer 314
315,35.21003841632759,11430.973043437773,INVALID,2023-11-12,Product D,1,True,Note for customer 315
316,41.81952971294964,12931.780540869073,INVALID,2023-11-13,Product C,1,True,Note for customer 316
317,31.89733243406544,18908.893535849824,INVALID,2023-11-14,Product D,2,True,Note for customer 317
318,38.24166352488442,16240.183272758288,INVALID,2023-11-15,Product C,2,True,Note for customer 318
319,33.698569456323156,20060.62762686473,INVALID,2023-11-16,Product B,5,True,Note for customer 319
320,35.96995964992718,22659.2845867498,INVALID,2023-11-17,Product A,1,False,Note for customer 320
321,40.95157025436914,28705.56763483446,INVALID,2023-11-18,Product C,3,False,Note for customer 321
322,26.817793167665275,21263.57110981597,INVALID,2023-11-19,Product B,5,True,Note for customer 322
323,55.92387275685461,28092.300716193186,INVALID,2023-11-20,Product A,1,True,Note for customer 323
324,24.93982618500298,22748.106892611107,INVALID,2023-11-21,Product A,1,True,Note for customer 324
325,22.85811387212268,8203.094308959158,INVALID,2023-11-22,Product C,2,False,Note for customer 325
326,46.581108735000676,13771.166524944549,INVALID,2023-11-23,Product A,5,True,Note for customer 326
327,42.91662693962936,20495.409682764064,INVALID,2023-11-24,Product C,1,True,Note for customer 327
328,41.24119817052155,12029.925650146732,INVALID,2023-11-25,Product A,1,False,Note for customer 328
329,41.2834550926428,29731.55934983997,INVALID,2023-11-26,Product D,5,False,Note for customer 329
330,34.87753227153085,47352.52465365714,INVALID,2023-11-27,Product B,3,False,Note for customer 330
331,26.027456285141685,40513.11086823907,INVALID,2023-11-28,Product D,5,False,Note for customer 331
332,35.75804558193726,19796.85893664974,INVALID,2023-11-29,Product C,5,True,Note for customer 332
333,28.228382884878883,46414.3087275663,INVALID,2023-11-30,Product D,3,False,Note for customer 333
334,44.75119733417751,23726.165047646125,INVALID,2023-12-01,Product C,5,False,Note for customer 334
335,33.52942618497861,18610.049592081243,INVALID,2023-12-02,Product A,1,True,Note for customer 335
336,26.745028032074885,16208.62307571518,INVALID,2023-12-03,Product A,5,True,Note for customer 336
337,31.786141583470066,18934.958653958623,INVALID,2023-12-04,Product C,3,True,Note for customer 337
338,39.12931454275624,18140.668780800992,INVALID,2023-12-05,Product D,4,False,Note for customer 338
339,29.36275447196025,23985.58037810087,INVALID,2023-12-06,Product A,5,True,Note for customer 339
340,26.777796044335687,23867.834401596956,INVALID,2023-12-07,Product B,2,False,Note for customer 340
341,37.436872114919126,22060.0378829914,INVALID,2023-12-08,Product A,1,False,Note for customer 341
342,37.44966571108723,27404.68011407095,INVALID,2023-12-09,Product B,1,False,Note for customer 342
343,29.9305682462887,39947.57056251249,INVALID,2023-12-10,Product D,2,True,Note for customer 343
344,30.28961694381677,35410.974589198544,INVALID,2023-12-11,Product B,2,False,Note for customer 344
345,37.32049937357636,10483.428127359668,INVALID,2023-12-12,Product B,5,True,Note for customer 345
346,20.519156585026757,6142.821434093983,INVALID,2023-12-13,Product B,2,True,Note for customer 346
347,20.925362256234447,35142.26990220232,INVALID,2023-12-14,Product B,4,True,Note for customer 347
348,27.81555778747564,11120.668142895222,INVALID,2023-12-15,Product A,3,False,Note for customer 348
349,32.86552848288153,19685.100308634104,INVALID,2023-12-16,Product B,2,False,Note for customer 349
350,38.10907565598005,12270.37975336253,INVALID,2023-12-17,Product A,2,False,Note for customer 350
351,49.753562169495524,8946.4293934098,A,2023-12-18,Product B,4,True,Note for customer 351
352,43.576596232020194,28874.997582535998,B,2023-12-19,Product C,1,False,Note for customer 352
353,33.40061470036573,32195.358660061953,C,2023-12-20,Product D,1,False,Note for customer 353
354,34.80983792097311,16510.384072015197,D,2023-12-21,Product B,5,False,Note for customer 354
355,24.97470635362191,6029.858683820011,D,2023-12-22,Product C,4,False,Note for customer 355
356,34.8148686400761,16762.135390823056,C,2023-12-23,Product B,3,False,Note for customer 356
357,32.11341361079862,26793.16248260289,A,2023-12-24,Product B,3,True,Note for customer 357
358,38.227185603380896,10514.854131423343,A,2023-12-25,Product B,4,True,Note for customer 358
359,26.72769056447677,24141.31482665252,A,2023-12-26,Product C,3,True,Note for customer 359
360,40.193465142411725,21858.49856867425,B,2023-12-27,Product D,1,True,Note for customer 360
361,50.32738913002578,29426.348215886366,B,2023-12-28,Product C,3,False,Note for customer 361
362,33.91239851543143,23383.599608923476,D,2023-12-29,Product D,3,True,Note for customer 362
363,39.01711722098941,13540.839277088842,A,2023-12-30,Product B,4,False,Note for customer 363
364,41.90143991711113,40066.095256653505,C,2023-12-31,Product A,4,True,Note for customer 364
365,30.987795281141636,20347.945213976192,D,2024-01-01,Product B,3,True,Note for customer 365
366,37.24092481810417,21727.79792807595,C,2024-01-02,Product D,2,True,Note for customer 366
367,35.12592400781795,13813.00778726663,D,2024-01-03,Product C,4,False,Note for customer 367
368,35.97676098548832,17647.66703675366,B,2024-01-04,Product B,5,False,Note for customer 368
369,27.269902161445337,14151.82178706544,D,2024-01-05,Product C,5,True,Note for customer 369
370,35.245101742589426,20201.79963046999,B,2024-01-06,Product C,1,False,Note for customer 370
371,39.979982912454496,51836.72946806513,D,2024-01-07,Product C,3,True,Note for customer 371
372,49.51143607795042,11092.776708983622,A,2024-01-08,Product B,2,True,Note for customer 372
373,44.59270826085207,9830.246617351251,C,2024-01-09,Product C,1,True,Note for customer 373
374,56.531824575115564,45962.685603259364,A,2024-01-10,Product C,3,False,Note for customer 374
375,27.326524371119504,19837.6745031098,D,2024-01-11,Product B,4,True,Note for customer 375
376,43.723206367206785,15763.676720801399,D,2024-01-12,Product C,5,True,Note for customer 376
377,36.83342005738352,37047.35890981836,D,2024-01-13,Product B,2,True,Note for customer 377
378,56.89802933217672,16271.855372555729,B,2024-01-14,Product D,5,False,Note for customer 378
379,26.917017146448487,54885.5208969097,C,2024-01-15,Product D,4,True,Note for customer 379
380,26.60278157819224,30913.953658630893,C,2024-01-16,Product D,3,False,Note for customer 380
381,29.00607354555978,17258.22802902528,D,2024-01-17,Product C,4,True,Note for customer 381
382,13.76104275690193,64773.646294533515,D,2024-01-18,Product A,4,False,Note for customer 382
383,29.74244978319239,16271.04681757585,B,2024-01-19,Product A,5,True,Note for customer 383
384,27.40867338446302,31921.903588112924,A,2024-01-20,Product C,2,True,Note for customer 384
385,36.50393786476208,25582.051983800036,A,2024-01-21,Product A,4,False,Note for customer 385
386,38.41755975777159,42229.3453037316,C,2024-01-22,Product B,5,False,Note for customer 386
387,53.761708392158866,48086.44455360988,B,2024-01-23,Product A,2,True,Note for customer 387
388,44.5042383818605,22381.77016388929,D,2024-01-24,Product C,3,False,Note for customer 388
389,29.23096344337597,15112.70507656352,C,2024-01-25,Product C,3,True,Note for customer 389
390,26.01585328651642,27722.123936918742,B,2024-01-26,Product B,1,True,Note for customer 390
391,39.919191715065054,15695.70387136541,A,2024-01-27,Product D,5,True,Note for customer 391
392,21.797667929793576,60276.26100922328,B,2024-01-28,Product C,2,False,Note for customer 392
393,53.31458765854354,23582.676280255742,A,2024-01-29,Product B,4,True,Note for customer 393
394,46.79440120721287,18349.16272440577,B,2024-01-30,Product A,3,False,Note for customer 394
395,30.308243478952953,24157.258016959535,C,2024-01-31,Product A,2,True,Note for customer 395
396,17.868654709091224,11231.042276619697,A,2024-02-01,Product B,5,False,Note for customer 396
397,48.538723741654124,13550.693160347973,C,2024-02-02,Product B,1,False,Note for customer 397
398,33.85460154747382,40143.144354452015,C,2024-02-03,Product C,3,True,Note for customer 398
399,47.378163119734616,15859.958214116885,A,2024-02-04,Product A,2,False,Note for customer 399
400,19.05572341205633,13050.014301609724,A,2024-02-05,Product B,10,True,Note for customer 400
401,29.006249770462272,28805.63700361202,D,2024-02-06,Product A,10,True,Note for customer 401
402,35.05243699718183,39848.979578623475,D,2024-02-07,Product B,10,True,Note for customer 402
403,35.46980593764742,31554.66303586856,D,2024-02-08,Product A,10,True,Note for customer 403
404,30.499345285207564,36243.80839880977,C,2024-02-09,Product D,10,True,Note for customer 404
405,41.228499323474985,15087.2071591363,C,2024-02-10,Product C,10,False,Note for customer 405
406,24.323795706174057,10819.384513459887,D,2024-02-11,Product A,10,True,Note for customer 406
407,33.576205149787064,46661.132937326416,C,2024-02-12,Product D,10,False,Note for customer 407
408,36.20295631711899,18744.582954799564,C,2024-02-13,Product A,10,False,Note for customer 408
409,40.14438834058749,19430.193317822945,A,2024-02-14,Product A,10,True,Note for customer 409
410,42.1161487808889,42791.598729035046,A,2024-02-15,Product D,10,False,Note for customer 410
411,23.753579081621307,29088.989233470955,C,2024-02-16,Product A,10,True,Note for customer 411
412,19.658858292643778,27665.567987883805,D,2024-02-17,Product A,10,False,Note for customer 412
413,47.77676821898509,65023.31471258277,B,2024-02-18,Product C,10,False,Note for customer 413
414,38.323140119795916,15966.385497404239,D,2024-02-19,Product D,10,False,Note for customer 414
415,27.515134634434464,35028.597001250215,B,2024-02-20,Product D,10,True,Note for customer 415
416,50.51151975522523,22663.399886488405,D,2024-02-21,Product B,10,False,Note for customer 416
417,36.156746342928585,25192.36217918959,A,2024-02-22,Product A,10,True,Note for customer 417
418,46.792971840638266,47298.51663501142,C,2024-02-23,Product C,10,False,Note for customer 418
419,35.67518481410109,28393.566822205477,C,2024-02-24,Product A,10,False,Note for customer 419
420,55.60747924881987,28829.31526369865,A,2024-02-25,Product A,10,False,Note for customer 420
421,52.55340842443204,37656.229159068906,B,2024-02-26,Product B,10,False,Note for customer 421
422,32.51035851520926,18352.54682175828,B,2024-02-27,Product A,10,True,Note for customer 422
423,44.71570950954356,14478.13944520148,B,2024-02-28,Product C,10,True,Note for customer 423
424,41.45375949585147,13063.73569625673,A,2024-02-29,Product C,10,False,Note for customer 424
425,48.68631557532349,8240.544537037851,B,2024-03-01,Product B,10,False,Note for customer 425
426,25.350765394198955,61580.68622004046,A,2024-03-02,Product A,10,True,Note for customer 426
427,41.86051459998439,12687.795385630223,D,2024-03-03,Product C,10,True,Note for customer 427
428,45.58424486849588,19719.695526546162,D,2024-03-04,Product A,10,True,Note for customer 428
429,17.412605135768857,19179.424639665333,A,2024-03-05,Product A,10,True,Note for customer 429
430,23.16741487334225,25686.050692181383,C,2024-03-06,Product A,10,False,Note for customer 430
431,14.607678222398995,33119.20505569764,D,2024-03-07,Product B,10,False,Note for customer 431
432,32.305931655554424,33868.36745007212,B,2024-03-08,Product A,10,True,Note for customer 432
433,42.17542255795962,16456.260819509236,A,2024-03-09,Product C,10,True,Note for customer 433
434,50.02357052096028,20260.716513731262,B,2024-03-10,Product A,10,True,Note for customer 434
435,35.74094780419775,25369.17098919635,B,2024-03-11,Product C,10,True,Note for customer 435
436,51.286155455712915,19451.013135294572,C,2024-03-12,Product A,10,True,Note for customer 436
437,21.198985417851084,49201.175182091,B,2024-03-13,Product C,10,True,Note for customer 437
438,17.966175606448452,28155.20379029912,C,2024-03-14,Product C,10,False,Note for customer 438
439,34.44452301103381,31806.91166236992,D,2024-03-15,Product A,10,False,Note for customer 439
440,38.840654489393074,30682.28202806138,A,2024-03-16,Product A,10,False,Note for customer 440
441,34.67305251905907,39606.040708091045,B,2024-03-17,Product C,10,True,Note for customer 441
442,14.325578999601234,24113.10576515841,A,2024-03-18,Product D,10,True,Note for customer 442
443,34.10879960487212,11517.052314400258,B,2024-03-19,Product B,10,True,Note for customer 443
444,21.95530499495147,26898.98885570835,A,2024-03-20,Product D,10,False,Note for customer 444
445,41.69672548830039,15903.93040755201,B,2024-03-21,Product D,10,True,Note for customer 445
446,38.66598246096848,16910.52789164112,B,2024-03-22,Product A,10,True,Note for customer 446
447,25.60120213672645,29530.591628833285,B,2024-03-23,Product B,10,False,Note for customer 447
448,29.861330826633065,40910.479664108876,B,2024-03-24,Product D,10,True,Note for customer 448
449,24.407864781110483,22261.984868854553,B,2024-03-25,Product A,10,False,Note for customer 449
450,34.37320902726828,25704.375422610963,B,2024-03-26,Product D,10,False,Note for customer 450
451,44.551423205012384,51591.255616771225,B,2024-03-27,Product D,2,True,Note for customer 451
452,25.142739536644562,24844.12511631615,B,2024-03-28,Product A,3,False,Note for customer 452
453,40.040465155178445,80889.68219013991,B,2024-03-29,Product A,5,True,Note for customer 453
454,29.69742381627559,29224.270450102667,A,2024-03-30,Product A,5,False,Note for customer 454
455,27.071271677376558,9132.717920056079,C,2024-03-31,Product B,4,True,Note for customer 455
456,33.929696400454425,32101.910052861378,B,2024-04-01,Product D,1,False,Note for customer 456
457,24.647576775806257,26650.926445986017,C,2024-04-02,Product A,4,True,Note for customer 457
458,29.463506946528177,41976.96846779448,B,2024-04-03,Product C,2,False,Note for customer 458
459,23.021221074111516,30840.704639065607,B,2024-04-04,Product D,5,False,Note for customer 459
460,54.64725132916389,20553.20169450714,A,2024-04-05,Product C,1,False,Note for customer 460
461,35.35263551971729,11942.406091609639,D,2024-04-06,Product B,2,True,Note for customer 461
462,28.002744920074143,19840.654542676377,D,2024-04-07,Product A,2,True,Note for customer 462
463,37.13979910734222,14396.49096518561,A,2024-04-08,Product C,1,False,Note for customer 463
464,33.8767195030917,16477.288795572353,C,2024-04-09,Product B,2,True,Note for customer 464
465,32.79030400466777,29563.30579533519,D,2024-04-10,Product A,1,False,Note for customer 465
466,41.14166700043425,50764.483846459945,A,2024-04-11,Product C,1,True,Note for customer 466
467,42.57507710047305,26831.60505863359,A,2024-04-12,Product C,3,False,Note for customer 467
468,29.694988523894725,12113.28991559477,D,2024-04-13,Product B,4,True,Note for customer 468
469,29.2418175935532,27509.903170237223,C,2024-04-14,Product A,2,False,Note for customer 469
470,32.24948302848356,40067.29695665897,A,2024-04-15,Product A,2,False,Note for customer 470
471,11.98078835264415,16237.985295164804,B,2024-04-16,Product C,3,False,Note for customer 471
472,19.84808937801448,20598.868305935735,C,2024-04-17,Product C,3,False,Note for customer 472
473,48.66874267444525,22188.8257681779,C,2024-04-18,Product C,3,True,Note for customer 473
474,51.449677135012834,14876.690090051423,D,2024-04-19,Product A,5,False,Note for customer 474
475,32.50963960443622,30459.104198973375,D,2024-04-20,Product B,5,True,Note for customer 475
476,40.765569630557664,20733.91254029629,B,2024-04-21,Product B,5,True,Note for customer 476
477,38.112501545435364,27167.215748383012,A,2024-04-22,Product A,1,False,Note for customer 477
478,65.78880808455239,14132.804170704107,D,2024-04-23,Product D,2,True,Note for customer 478
479,46.195749114345766,17699.131504899975,D,2024-04-24,Product B,4,True,Note for customer 479
480,33.72082408519233,31608.79485076455,C,2024-04-25,Product C,1,True,Note for customer 480
481,25.444595593995743,18280.37618700317,D,2024-04-26,Product D,2,False,Note for customer 481
482,18.935536797424277,52233.63555317692,D,2024-04-27,Product D,2,True,Note for customer 482
483,37.03463635867223,18037.025694130614,D,2024-04-28,Product B,3,True,Note for customer 483
484,27.436492547156966,24645.321464981713,D,2024-04-29,Product D,3,False,Note for customer 484
485,20.77746290402326,35111.90114470744,C,2024-04-30,Product D,1,False,Note for customer 485
486,28.534271157574736,10838.036604403474,B,2024-05-01,Product B,3,True,Note for customer 486
487,24.18451996385605,9132.507628747326,B,2024-05-02,Product B,2,False,Note for customer 487
488,51.871416350725646,10271.946758155656,A,2024-05-03,Product D,3,True,Note for customer 488
489,43.816397569494505,41410.59528023309,D,2024-05-04,Product C,5,True,Note for customer 489
490,34.92027358683383,16715.15257855233,C,2024-05-05,Product A,3,True,Note for customer 490
491,49.79944138890026,79149.96656110826,A,2024-05-06,Product D,2,False,Note for customer 491
492,35.77368307647618,16611.926839595133,A,2024-05-07,Product D,1,True,Note for customer 492
493,26.387157986717362,24155.699891844317,B,2024-05-08,Product C,4,False,Note for customer 493
494,50.23124077269657,47622.23134657154,C,2024-05-09,Product D,3,False,Note for customer 494
495,40.38910043684659,60056.823062713665,C,2024-05-10,Product D,2,True,Note for customer 495
496,24.627538456735437,61743.98175716977,C,2024-05-11,Product A,4,False,Note for customer 496
497,33.09661321916392,40303.07772219768,B,2024-05-12,Product A,4,False,Note for customer 497
498,26.24381746615243,36755.06296495414,B,2024-05-13,Product A,5,False,Note for customer 498
499,21.17200269035664,29621.729466876615,B,2024-05-14,Product B,4,False,Note for customer 499
500,44.26177547531641,32506.01857459028,B,,Product B,2,False,Note for customer 500
501,54.094166404701305,16720.773404781383,B,,Product A,2,True,Note for customer 501
502,21.01432426180859,14631.039707281092,D,,Product A,3,False,Note for customer 502
503,40.62969236690571,21989.333443630778,D,,Product B,3,True,Note for customer 503
504,28.49357430878173,20229.71189803881,C,,Product C,3,True,Note for customer 504
505,30.12874616235304,17560.124819509405,A,,Product D,4,True,Note for customer 505
506,29.07606075761131,31200.634924300764,C,,Product D,4,True,Note for customer 506
507,26.36009230320184,35512.94668339558,A,,Product A,5,True,Note for customer 507
508,35.48521627944827,23021.951277923377,B,,Product C,3,True,Note for customer 508
509,26.69049883588962,46109.073905022655,A,,Product B,1,False,Note for customer 509
510,37.704568257798385,12446.010925154424,C,,Product A,5,False,Note for customer 510
511,34.49761890550863,19993.65536305359,C,,Product C,1,False,Note for customer 511
512,32.6105195313359,15391.779384860609,A,,Product C,4,True,Note for customer 512
513,25.924363379584022,8662.266531145757,D,,Product C,5,False,Note for customer 513
514,29.232286694316674,21134.449315257785,B,,Product B,5,False,Note for customer 514
515,42.55391225825756,20725.62726829812,B,,Product B,2,False,Note for customer 515
516,40.009171876243805,46944.666171931494,C,,Product D,4,True,Note for customer 516
517,25.22444755201449,30194.221448128348,D,,Product D,4,False,Note for customer 517
518,35.99332305429226,13199.135154577303,A,,Product C,5,True,Note for customer 518
519,42.51387123371789,55661.62797234166,B,,Product C,4,False,Note for customer 519
520,18.305947188786284,40559.156745989,D,,Product B,5,True,Note for customer 520
521,40.43360192379935,29467.66536127659,B,,Product D,2,True,Note for customer 521
522,28.373762410541534,19668.19121407623,D,,Product C,5,True,Note for customer 522
523,40.70598668593159,13633.433242521747,D,,Product D,4,False,Note for customer 523
524,27.36740843457483,18286.10227827453,C,,Product D,4,False,Note for customer 524
525,16.95117899335481,37963.266869154264,B,,Product C,5,True,Note for customer 525
526,18.724575621168373,56516.79632066212,A,,Product B,5,False,Note for customer 526
527,35.48084946661382,47649.230699521184,C,,Product C,5,True,Note for customer 527
528,37.59722501721482,17250.135700200666,C,,Product C,3,True,Note for customer 528
529,25.956833748955916,12584.123809770173,A,,Product D,4,False,Note for customer 529
530,41.38592458777374,23634.03524438574,C,,Product C,4,False,Note for customer 530
531,18.3847993773104,9097.73096782609,D,,Product B,3,False,Note for customer 531
532,34.33920201352684,25889.269507044548,D,,Product C,5,True,Note for customer 532
533,22.889838002375434,20459.420322091646,B,,Product B,2,True,Note for customer 533
534,28.48163892197841,17448.025145803775,B,,Product B,5,False,Note for customer 534
535,35.47398671316414,9923.376013928775,A,,Product D,5,True,Note for customer 535
536,26.395866347160478,28475.52009975558,B,,Product A,3,False,Note for customer 536
537,31.154444557701748,16876.03049369074,D,,Product A,4,True,Note for customer 537
538,45.0629280921444,12271.583477444834,A,,Product D,5,False,Note for customer 538
539,29.231081304768512,5238.910801288404,A,,Product C,4,False,Note for customer 539
540,43.35692112065142,21725.512658283813,B,,Product D,1,True,Note for customer 540
541,23.70293145342382,53429.9002667497,D,,Product B,4,False,Note for customer 541
542,40.298041779152825,50545.52060029857,A,,Product A,2,False,Note for customer 542
543,49.415686206579004,17526.194541275767,D,,Product D,2,True,Note for customer 543
544,10.283554998727105,16299.569408982865,D,,Product C,5,False,Note for customer 544
545,27.031047445295233,27844.399445899046,D,,Product D,4,True,Note for customer 545
546,40.7707212718054,13370.516229808742,B,,Product A,5,False,Note for customer 546
547,32.96954613957007,25614.040826794604,C,,Product D,3,True,Note for customer 547
548,38.71145873371309,32307.03021337047,C,,Product D,2,False,Note for customer 548
549,28.960148132841795,40678.97332215231,A,,Product A,5,False,Note for customer 549
550,35.865897874729,20950.608321615742,D,,Product B,3,False,Note for customer 550
551,33.44322764607921,19893.794440322068,B,2024-07-05,Product B,5,False,Note for customer 551
552,46.67782061659807,14200.162775992556,D,2024-07-06,Product A,4,True,Note for customer 552
553,37.54420843301213,14567.66787629597,D,2024-07-07,Product D,4,True,Note for customer 553
554,38.37602662075202,19668.24241977034,B,2024-07-08,Product A,4,True,Note for customer 554
555,30.881230338775325,26467.762272800443,C,2024-07-09,Product B,4,True,Note for customer 555
556,30.123937759275066,34779.80958726766,D,2024-07-10,Product C,1,True,Note for customer 556
557,30.67441812180379,14741.331950605116,D,2024-07-11,Product D,3,True,Note for customer 557
558,38.944521423782966,46459.87354327017,C,2024-07-12,Product B,3,True,Note for customer 558
559,30.79015519179737,19234.064899593253,B,2024-07-13,Product D,4,False,Note for customer 559
560,37.89774856896413,21792.395394944604,A,2024-07-14,Product A,1,False,Note for customer 560
561,55.75400798645439,15159.674082146063,C,2024-07-15,Product C,4,False,Note for customer 561
562,43.711247034316926,6554.321420004908,A,2024-07-16,Product A,1,False,Note for customer 562
563,31.73976467832159,34269.90004524356,A,2024-07-17,Product C,4,True,Note for customer 563
564,47.012139221639444,31838.194996603248,C,2024-07-18,Product D,2,True,Note for customer 564
565,30.919246269784487,19136.18303079339,D,2024-07-19,Product D,2,True,Note for customer 565
566,14.618754648221461,22776.74546281162,A,2024-07-20,Product A,5,False,Note for customer 566
567,24.91913689082596,28508.843285677267,A,2024-07-21,Product C,4,True,Note for customer 567
568,16.292080789741444,10084.219664674582,B,2024-07-22,Product C,3,False,Note for customer 568
569,31.484865159586914,16906.841835583808,D,2024-07-23,Product D,5,True,Note for customer 569
570,35.184183791895514,32765.5304151654,A,2024-07-24,Product A,2,True,Note for customer 570
571,51.76437312275283,11764.658669993756,B,2024-07-25,Product C,4,True,Note for customer 571
572,38.269273737641626,25508.805010699514,D,2024-07-26,Product D,5,True,Note for customer 572
573,32.80899471191136,11178.069950562898,C,2024-07-27,Product B,4,False,Note for customer 573
574,43.294055811834895,27811.78112036165,C,2024-07-28,Product A,2,False,Note for customer 574
575,12.88864690992115,21637.41473471701,B,2024-07-29,Product B,5,True,Note for customer 575
576,37.356145581085656,9822.530848735647,C,2024-07-30,Product A,2,False,Note for customer 576
577,42.708651938869664,39433.44831834923,A,2024-07-31,Product D,1,True,Note for customer 577
578,20.214137542201584,15255.634841647083,D,2024-08-01,Product C,2,True,Note for customer 578
579,46.43754043206929,14689.287733320803,A,2024-08-02,Product C,4,True,Note for customer 579
580,38.38496407494414,24349.93839712825,A,2024-08-03,Product C,3,True,Note for customer 580
581,30.847120860991986,39117.24411520281,C,2024-08-04,Product A,2,False,Note for customer 581
582,41.32781866106285,13254.456182201664,A,2024-08-05,Product D,3,True,Note for customer 582
583,57.70692857804396,22716.34355771605,C,2024-08-06,Product B,1,True,Note for customer 583
584,36.81866255058495,27293.61988913194,D,2024-08-07,Product D,5,False,Note for customer 584
585,37.48220586300336,31149.47915816198,D,2024-08-08,Product B,5,True,Note for customer 585
586,30.40639100459756,24057.94988927337,A,2024-08-09,Product A,3,False,Note for customer 586
587,26.501556305352082,18333.51492428305,B,2024-08-10,Product A,5,True,Note for customer 587
588,43.303358165442454,14562.498243290545,C,2024-08-11,Product B,2,True,Note for customer 588
589,26.439161740911327,22995.916634592133,C,2024-08-12,Product B,3,True,Note for customer 589
590,35.715662372193925,12886.43509422603,A,2024-08-13,Product B,4,True,Note for customer 590
591,30.223425532348834,5111.891433495368,C,2024-08-14,Product D,2,True,Note for customer 591
592,39.78979825746392,27399.49611048657,C,2024-08-15,Product B,2,True,Note for customer 592
593,38.33662105286948,34612.404921804125,B,2024-08-16,Product A,2,False,Note for customer 593
594,45.375399442578995,6758.348147032154,B,2024-08-17,Product A,4,True,Note for customer 594
595,29.89983601145253,13294.884918551452,A,2024-08-18,Product C,1,False,Note for customer 595
596,32.30125064706629,30018.739946406018,B,2024-08-19,Product B,5,False,Note for customer 596
597,25.212362842176926,61620.36742298929,A,2024-08-20,Product D,3,True,Note for customer 597
598,30.557067399238882,22256.666347370297,D,2024-08-21,Product D,1,False,Note for customer 598
599,38.77300493044852,15305.974622911288,A,2024-08-22,Product D,3,True,Note for customer 599
600,42.56988616645352,20101.54143565034,D,2024-08-23,Product C,5,False,Note for customer 600
601,25.778346758223748,43802.15121140449,A,2024-08-24,Product A,4,True,Note for customer 601
602,43.6960592010566,15946.87095245074,C,2024-08-25,Product D,2,False,Note for customer 602
603,48.55637858804951,14770.747693301719,B,2024-08-26,Product A,2,False,Note for customer 603
604,39.13434903223701,17302.879970410868,D,2024-08-27,Product C,4,True,Note for customer 604
605,53.76795812558066,13675.151363675508,A,2024-08-28,Product B,1,False,Note for customer 605
606,27.26210800896427,23419.754579491953,B,2024-08-29,Product B,1,True,Note for customer 606
607,22.55345296688583,49629.427305527235,A,2024-08-30,Product B,3,True,Note for customer 607
608,17.212797510957213,25888.12469502464,B,2024-08-31,Product D,4,True,Note for customer 608
609,49.96044311489183,19415.42726616205,B,2024-09-01,Product B,1,True,Note for customer 609
610,41.54365656354058,19036.136361090543,A,2024-09-02,Product D,4,True,Note for customer 610
611,34.44415329089545,10080.968271087648,D,2024-09-03,Product C,5,False,Note for customer 611
612,37.799686263198204,34253.87200610098,D,2024-09-04,Product C,2,False,Note for customer 612
613,23.745109527016233,21185.693575055047,C,2024-09-05,Product D,2,False,Note for customer 613
614,59.45751979616826,20125.84407867378,B,2024-09-06,Product A,2,True,Note for customer 614
615,36.292211819752275,108722.47178788802,C,2024-09-07,Product B,4,False,Note for customer 615
616,36.09394794604893,25575.149955948742,C,2024-09-08,Product B,4,False,Note for customer 616
617,42.25766623898692,15125.002904807425,A,2024-09-09,Product B,3,False,Note for customer 617
618,39.810092317367136,17797.64104430833,A,2024-09-10,Product D,2,False,Note for customer 618
619,37.23884024279131,39113.49607590651,A,2024-09-11,Product C,3,False,Note for customer 619
620,27.095255445546883,23309.941101277363,B,2024-09-12,Product B,2,True,Note for customer 620
621,39.714683571359956,10730.667160814046,A,2024-09-13,Product C,3,True,Note for customer 621
622,53.82024496475034,34878.10220518294,A,2024-09-14,Product B,3,False,Note for customer 622
623,48.454200461549775,15770.997914174124,B,2024-09-15,Product B,5,True,Note for customer 623
624,50.93186626639397,56198.69911021324,B,2024-09-16,Product D,3,True,Note for customer 624
625,29.88784323568815,37798.474848005804,D,2024-09-17,Product A,4,False,Note for customer 625
626,25.10395179741419,17612.057860710247,A,2024-09-18,Product D,3,False,Note for customer 626
627,33.74213079900352,41794.00473641034,A,2024-09-19,Product B,2,True,Note for customer 627
628,35.557249122886944,22786.59618083175,A,2024-09-20,Product B,3,False,Note for customer 628
629,45.94191518470949,33738.22807102917,D,2024-09-21,Product A,1,True,Note for customer 629
630,18.075353702851807,28067.466496246692,A,2024-09-22,Product C,2,True,Note for customer 630
631,50.29550319460614,14426.494235161135,D,2024-09-23,Product C,1,False,Note for customer 631
632,33.419921014210104,15966.133215040543,C,2024-09-24,Product B,2,True,Note for customer 632
633,30.7311893005258,36863.61900276057,D,2024-09-25,Product C,4,True,Note for customer 633
634,24.878956247398325,18631.562570166636,C,2024-09-26,Product B,4,True,Note for customer 634
635,18.451433281342307,18000.87718838578,A,2024-09-27,Product A,4,False,Note for customer 635
636,43.231705839619146,13662.890450325316,C,2024-09-28,Product A,1,False,Note for customer 636
637,35.73317967188404,27222.511340256522,D,2024-09-29,Product B,5,False,Note for customer 637
638,22.10039100258946,61775.52068913754,B,2024-09-30,Product A,2,False,Note for customer 638
639,22.04921227936384,12916.147385248425,C,2024-10-01,Product D,4,True,Note for customer 639
640,31.642153007098717,22294.821892083128,C,2024-10-02,Product D,2,False,Note for customer 640
641,51.69021525289393,44627.711436045945,A,2024-10-03,Product A,1,False,Note for customer 641
642,32.40408648636395,21166.590639617796,D,2024-10-04,Product B,5,False,Note for customer 642
643,19.96857046881894,27616.974979149458,C,2024-10-05,Product B,1,False,Note for customer 643
644,32.54256935914056,12949.380600758863,C,2024-10-06,Product A,2,True,Note for customer 644
645,32.27276430252329,27286.669046761028,C,2024-10-07,Product C,5,True,Note for customer 645
646,8.031133570584284,20058.892838549524,C,2024-10-08,Product D,5,True,Note for customer 646
647,34.45705133482188,36057.31366910498,B,2024-10-09,Product C,1,False,Note for customer 647
648,32.69065469791322,39882.50461070533,D,2024-10-10,Product B,4,False,Note for customer 648
649,41.96206364813418,80400.99421986402,A,2024-10-11,Product B,2,True,Note for customer 649
650,53.48956094945345,29431.375748666604,A,2024-10-12,Product C,3,False,Note for customer 650
651,46.26565029547757,25923.318175192362,B,2024-10-13,Product A,3,False,Note for customer 651
652,32.31111309445169,24274.753795195993,D,2024-10-14,Product C,1,True,Note for customer 652
653,23.934740912583298,18461.02170690123,C,2024-10-15,Product C,2,True,Note for customer 653
654,60.733598032498605,26088.29229841648,B,2024-10-16,Product D,2,False,Note for customer 654
655,35.59218434014488,19001.99580367082,D,2024-10-17,Product D,1,False,Note for customer 655
656,35.13929291912946,23962.142980122153,C,2024-10-18,Product C,2,False,Note for customer 656
657,34.758749128899964,42565.47543181918,B,2024-10-19,Product C,4,True,Note for customer 657
658,36.98084760767855,13316.09479248405,D,2024-10-20,Product B,1,True,Note for customer 658
659,33.556395880760576,38946.30885480525,A,2024-10-21,Product D,4,True,Note for customer 659
660,29.263379931197637,42555.2084246392,A,2024-10-22,Product D,2,True,Note for customer 660
661,29.531410587596078,20763.78695326162,D,2024-10-23,Product B,1,False,Note for customer 661
662,34.672467297840015,7624.122786741272,A,2024-10-24,Product A,2,True,Note for customer 662
663,29.565752288662352,16253.913775028312,D,2024-10-25,Product D,1,True,Note for customer 663
664,27.871542173228356,42129.23822518176,C,2024-10-26,Product D,2,False,Note for customer 664
665,36.064302276918966,21776.04886451278,D,2024-10-27,Product A,4,False,Note for customer 665
666,32.450227825791444,13364.388635794294,C,2024-10-28,Product D,4,False,Note for customer 666
667,50.039929885826886,17113.322614038738,B,2024-10-29,Product D,2,True,Note for customer 667
668,8.490301916069882,33533.8284657969,D,2024-10-30,Product A,1,False,Note for customer 668
669,45.91506851922462,28951.195691523437,B,2024-10-31,Product A,3,False,Note for customer 669
670,47.46085192497629,19546.15655463396,A,2024-11-01,Product C,4,True,Note for customer 670
671,14.266097675918505,18335.379787555234,C,2024-11-02,Product B,4,True,Note for customer 671
672,31.573124059196513,18108.213982092235,D,2024-11-03,Product B,3,False,Note for customer 672
673,31.285591340042085,13888.20097262749,B,2024-11-04,Product A,2,True,Note for customer 673
674,20.924883052821787,49399.1178008775,C,2024-11-05,Product A,1,False,Note for customer 674
675,27.221833124091248,18747.951374345343,C,2024-11-06,Product D,2,False,Note for customer 675
676,23.894241545341714,40480.64592230601,A,2024-11-07,Product C,5,True,Note for customer 676
677,52.52270443423623,47129.67037598044,A,2024-11-08,Product C,4,False,Note for customer 677
678,44.35678393147461,36284.84533050047,C,2024-11-09,Product A,5,True,Note for customer 678
679,47.71555094994159,17750.870636440723,C,2024-11-10,Product D,4,True,Note for customer 679
680,42.21672064043235,26953.408550532953,D,2024-11-11,Product D,4,True,Note for customer 680
681,23.709482287827708,21761.599328133536,C,2024-11-12,Product B,5,False,Note for customer 681
682,29.754797337202262,14018.722962994045,D,2024-11-13,Product B,5,True,Note for customer 682
683,39.89374561227918,25904.698509311023,C,2024-11-14,Product D,2,True,Note for customer 683
684,22.778721911080545,12215.734396771686,A,2024-11-15,Product B,5,False,Note for customer 684
685,42.12998430172388,39888.35454476505,D,2024-11-16,Product A,2,False,Note for customer 685
686,32.59674601841865,17460.41069820309,B,2024-11-17,Product D,2,False,Note for customer 686
687,31.251791924504026,24357.128274185387,A,2024-11-18,Product B,2,False,Note for customer 687
688,42.10959968203491,25378.1522637926,D,2024-11-19,Product C,4,True,Note for customer 688
689,39.4426331148604,19351.93151064712,D,2024-11-20,Product D,4,True,Note for customer 689
690,31.3903383418092,29535.46136972928,B,2024-11-21,Product D,5,True,Note for customer 690
691,46.59329803364248,17370.839207590747,D,2024-11-22,Product C,4,False,Note for customer 691
692,24.189366724001026,34052.15669828914,C,2024-11-23,Product A,5,False,Note for customer 692
693,41.15935606944264,11237.482931337687,B,2024-11-24,Product C,4,True,Note for customer 693
694,40.93101257968384,23463.229903413627,A,2024-11-25,Product D,1,False,Note for customer 694
695,31.904535606860097,58073.48669500967,A,2024-11-26,Product A,1,False,Note for customer 695
696,38.26133022242118,13357.513809862696,C,2024-11-27,Product B,5,True,Note for customer 696
697,22.48886423614697,15695.471570602798,A,2024-11-28,Product B,4,True,Note for customer 697
698,44.24027019206901,28479.902009133533,D,2024-11-29,Product B,4,False,Note for customer 698
699,33.15097863557011,24095.753267143038,D,2024-11-30,Product D,2,False,Note for customer 699
700,29.772769794809605,26247.21191552204,C,2024-12-01,Product C,3,False,Note for customer 700
701,45.49009225836889,28130.046796823623,A,2024-12-02,Product A,5,True,Note for customer 701
702,27.95656309457241,30253.305622963202,A,2024-12-03,Product B,3,True,Note for customer 702
703,20.915387036364404,38363.0455972775,C,2024-12-04,Product A,3,True,Note for customer 703
704,19.433708264760963,27035.58738631369,B,2024-12-05,Product D,5,True,Note for customer 704
705,41.06009951345639,19523.44192778446,A,2024-12-06,Product B,4,True,Note for customer 705
706,22.19570647503717,30831.335884245167,B,2024-12-07,Product D,5,False,Note for customer 706
707,52.54794181984364,56950.68332279078,A,2024-12-08,Product C,3,False,Note for customer 707
708,14.18070592116278,20613.121681155837,A,2024-12-09,Product D,4,False,Note for customer 708
709,51.96456368290038,13530.955610288209,A,2024-12-10,Product D,1,True,Note for customer 709
710,37.11017467202618,38312.8387592786,A,2024-12-11,Product C,5,True,Note for customer 710
711,34.032868881296075,20739.79127866127,D,2024-12-12,Product A,5,True,Note for customer 711
712,29.550809131910505,7432.854331483124,B,2024-12-13,Product C,4,False,Note for customer 712
713,38.991361143520706,33648.065298473455,B,2024-12-14,Product C,1,True,Note for customer 713
714,34.62365297575152,16853.875461041865,A,2024-12-15,Product D,1,True,Note for customer 714
715,46.03301882016521,21051.63185372172,A,2024-12-16,Product A,4,False,Note for customer 715
716,36.142276486620396,26003.597304137766,B,2024-12-17,Product B,2,True,Note for customer 716
717,36.50301761461878,24227.650435818305,D,2024-12-18,Product C,5,False,Note for customer 717
718,31.36387787786144,31405.110347346897,C,2024-12-19,Product A,5,True,Note for customer 718
719,34.43054376278933,17716.59083264094,C,2024-12-20,Product C,3,True,Note for customer 719
720,38.07801768892059,28468.48312510111,B,2024-12-21,Product C,4,False,Note for customer 720
721,17.898316073433744,19345.72340187586,A,2024-12-22,Product C,3,False,Note for customer 721
722,21.51814577894287,31869.516632407205,A,2024-12-23,Product C,3,False,Note for customer 722
723,42.43264094022715,29961.95658297212,D,2024-12-24,Product D,1,False,Note for customer 723
724,36.708654381279416,13798.023675617309,C,2024-12-25,Product A,5,False,Note for customer 724
725,33.16016663647321,37910.79041570909,D,2024-12-26,Product A,3,False,Note for customer 725
726,35.184339330653934,16848.523021748253,C,2024-12-27,Product A,1,True,Note for customer 726
727,38.47581705361671,32992.28083978493,B,2024-12-28,Product C,4,True,Note for customer 727
728,29.602403196906387,26466.72749067127,C,2024-12-29,Product D,3,False,Note for customer 728
729,27.216952745976872,55220.62691143744,D,2024-12-30,Product C,5,True,Note for customer 729
730,36.958452550976816,19697.89406610388,D,2024-12-31,Product C,3,False,Note for customer 730
731,25.21627222384968,18496.588745720837,D,2025-01-01,Product A,4,True,Note for customer 731
732,39.082527557144715,21813.62813047596,B,2025-01-02,Product C,3,False,Note for customer 732
733,17.974163957621595,18928.237024803,C,2025-01-03,Product B,5,True,Note for customer 733
734,45.29155637325644,32858.671148089066,C,2025-01-04,Product C,1,True,Note for customer 734
735,39.72597482413043,9816.74319151458,D,2025-01-05,Product B,5,True,Note for customer 735
736,37.56029734313876,13005.905342646873,C,2025-01-06,Product C,1,True,Note for customer 736
737,44.82690983945514,12914.403775746016,A,2025-01-07,Product D,2,True,Note for customer 737
738,51.65474444462576,35424.317417409824,A,2025-01-08,Product D,5,False,Note for customer 738
739,45.1437006501813,51808.353840191354,A,2025-01-09,Product A,5,False,Note for customer 739
740,16.591257686683548,20905.663680328074,C,2025-01-10,Product C,4,False,Note for customer 740
741,22.204230332642986,20243.50212662421,B,2025-01-11,Product B,3,True,Note for customer 741
742,28.751814223043212,22811.637047546472,B,2025-01-12,Product B,1,False,Note for customer 742
743,35.26091050210834,39377.07807739631,B,2025-01-13,Product C,1,True,Note for customer 743
744,40.17659020469123,13853.919014215942,B,2025-01-14,Product B,4,True,Note for customer 744
745,27.742561868465344,24814.52612105205,A,2025-01-15,Product D,4,True,Note for customer 745
746,36.86766764477078,35867.92836519333,A,2025-01-16,Product B,3,False,Note for customer 746
747,27.446170676466775,28298.01910721291,D,2025-01-17,Product A,3,True,Note for customer 747
748,28.884821970080516,24216.531731026495,C,2025-01-18,Product D,5,False,Note for customer 748
749,20.933389031517777,36334.50233137325,C,2025-01-19,Product D,2,False,Note for customer 749
750,25.767667538890958,5700.925753332099,B,2025-01-20,Product D,3,True,Note for customer 750
751,21.483153943836662,30913.172290375318,A,2025-01-21,Product C,4,True,Note for customer 751
752,25.241267470226674,15882.325377567327,B,2025-01-22,Product C,3,False,Note for customer 752
753,45.536417966078396,8819.174509308148,D,2025-01-23,Product D,1,False,Note for customer 753
754,25.50601111168057,28441.405421365474,C,2025-01-24,Product C,2,False,Note for customer 754
755,61.32382064837391,43775.486580539844,C,2025-01-25,Product B,5,False,Note for customer 755
756,39.93317900880889,20563.557663056697,B,2025-01-26,Product C,1,False,Note for customer 756
757,36.84836123694874,35469.81292581828,D,2025-01-27,Product C,1,False,Note for customer 757
758,26.416422198187867,49322.67182140312,C,2025-01-28,Product D,2,True,Note for customer 758
759,42.003098794089915,42508.41038694153,D,2025-01-29,Product A,5,False,Note for customer 759
760,29.243621737622263,50010.20005404024,D,2025-01-30,Product A,4,False,Note for customer 760
761,36.220098146453616,31922.416243038995,B,2025-01-31,Product A,5,False,Note for customer 761
762,60.60084538268795,22873.09983682436,A,2025-02-01,Product B,3,False,Note for customer 762
763,34.0394010027535,9887.40589098068,B,2025-02-02,Product C,1,True,Note for customer 763
764,46.49273326285676,19476.59477948713,A,2025-02-03,Product A,3,True,Note for customer 764
765,27.968235748741126,14448.945315670966,D,2025-02-04,Product D,4,False,Note for customer 765
766,34.65011509503038,65216.73317325231,A,2025-02-05,Product A,3,False,Note for customer 766
767,52.7080063563551,20172.127297566967,D,2025-02-06,Product A,5,False,Note for customer 767
768,28.730329422122324,23426.014237446845,C,2025-02-07,Product C,3,True,Note for customer 768
769,53.12448557996929,29020.062729179033,C,2025-02-08,Product C,4,True,Note for customer 769
770,42.07751935455475,22511.942455620803,C,2025-02-09,Product C,4,True,Note for customer 770
771,29.375332241057322,51406.78878317019,B,2025-02-10,Product B,4,True,Note for customer 771
772,41.32407739055521,16133.857918746477,B,2025-02-11,Product B,5,True,Note for customer 772
773,44.7255444962673,24277.462446380898,D,2025-02-12,Product A,4,True,Note for customer 773
774,41.21809962217196,15195.653426401414,C,2025-02-13,Product C,1,False,Note for customer 774
775,19.297752801095434,11384.2801024395,B,2025-02-14,Product A,4,True,Note for customer 775
776,27.728628241751316,16221.867465456087,C,2025-02-15,Product D,3,True,Note for customer 776
777,32.52481364448495,21622.32449726114,B,2025-02-16,Product D,3,False,Note for customer 777
778,34.25566570899954,17771.456606047486,A,2025-02-17,Product C,3,True,Note for customer 778
779,41.206720975506784,15580.719666766036,A,2025-02-18,Product C,5,False,Note for customer 779
780,36.777010009332535,10903.523448779206,C,2025-02-19,Product D,3,True,Note for customer 780
781,21.64655641289899,21129.95991802438,D,2025-02-20,Product C,5,False,Note for customer 781
782,38.801978510059634,10380.037952096129,B,2025-02-21,Product B,5,False,Note for customer 782
783,41.10585745283823,32209.862770217253,B,2025-02-22,Product B,4,False,Note for customer 783
784,40.5979044793104,22953.3661162909,A,2025-02-23,Product C,1,False,Note for customer 784
785,45.807807255546216,10627.754957150804,A,2025-02-24,Product D,4,False,Note for customer 785
786,43.33922154548904,18871.260994263655,D,2025-02-25,Product A,4,True,Note for customer 786
787,39.59180079228437,15122.240155696916,D,2025-02-26,Product C,5,True,Note for customer 787
788,34.29834288541353,25837.63051121518,D,2025-02-27,Product C,5,False,Note for customer 788
789,18.390390664840087,43054.63730109737,C,2025-02-28,Product A,3,False,Note for customer 789
790,39.296182191325855,8624.94413844992,A,2025-03-01,Product C,3,False,Note for customer 790
791,37.076876871631114,23330.412351087612,C,2025-03-02,Product A,4,True,Note for customer 791
792,37.715788371953735,20331.64060762589,A,2025-03-03,Product D,2,False,Note for customer 792
793,22.232514241796906,30812.32459850001,A,2025-03-04,Product B,2,False,Note for customer 793
794,24.189434595917376,24504.163334559507,B,2025-03-05,Product D,3,False,Note for customer 794
795,45.53152853332904,15123.654709709002,A,2025-03-06,Product B,2,False,Note for customer 795
796,34.60444846143345,18778.596799639978,A,2025-03-07,Product A,3,True,Note for customer 796
797,41.81500697372624,14794.149412024337,C,2025-03-08,Product B,5,False,Note for customer 797
798,35.28318376130461,37722.181506938316,A,2025-03-09,Product D,4,False,Note for customer 798
799,35.297561394957455,22262.43091373814,C,2025-03-10,Product B,1,True,Note for customer 799
800,44.382838059759976,56987.96264662253,D,2025-03-11,Product A,4,False,Note for customer 800
801,29.839552717826262,21368.42390906101,A,2025-03-12,Product B,3,False,Note for customer 801
802,35.96120776940983,15456.68100779172,A,2025-03-13,Product C,3,True,Note for customer 802
803,30.377247112949576,10333.463626063694,C,2025-03-14,Product D,4,True,Note for customer 803
804,30.655037725676845,8941.245372452197,D,2025-03-15,Product C,3,True,Note for customer 804
805,31.908278765313607,9975.945542535173,B,2025-03-16,Product A,2,False,Note for customer 805
806,37.22133771633713,25173.907628060613,D,2025-03-17,Product B,2,False,Note for customer 806
807,30.212513783365225,28406.194359456564,C,2025-03-18,Product C,3,True,Note for customer 807
808,47.55756125573521,9990.647146599911,D,2025-03-19,Product C,3,True,Note for customer 808
809,26.053926977804963,34458.78175564291,C,2025-03-20,Product B,2,True,Note for customer 809
810,33.13128355838641,17300.133101044714,C,2025-03-21,Product B,3,False,Note for customer 810
811,30.60268941725825,23703.93876646922,B,2025-03-22,Product D,3,False,Note for customer 811
812,49.46977884353733,49321.25061566976,A,2025-03-23,Product C,4,True,Note for customer 812
813,36.965547765115744,34489.82589498424,C,2025-03-24,Product C,1,False,Note for customer 813
814,45.31844539468635,19259.017585841397,C,2025-03-25,Product A,2,True,Note for customer 814
815,20.14439626963028,14106.682317010347,B,2025-03-26,Product D,4,False,Note for customer 815
816,37.67050265869259,7510.762713602398,C,2025-03-27,Product A,1,False,Note for customer 816
817,43.89630795623437,15373.850726406055,A,2025-03-28,Product C,3,False,Note for customer 817
818,35.82283989275424,19819.763602366864,B,2025-03-29,Product A,3,False,Note for customer 818
819,45.654803750653514,13445.640907789984,A,2025-03-30,Product C,4,True,Note for customer 819
820,29.827115498996278,20627.316425872126,A,2025-03-31,Product C,3,False,Note for customer 820
821,49.0934744018558,22889.325408055785,B,2025-04-01,Product A,5,False,Note for customer 821
822,57.9889812361925,19684.20879146237,C,2025-04-02,Product A,4,True,Note for customer 822
823,31.37161439560341,15914.703504275978,A,2025-04-03,Product B,1,False,Note for customer 823
824,30.54497478599228,23964.463774496744,A,2025-04-04,Product B,4,True,Note for customer 824
825,49.53384477117701,27473.311589847184,A,2025-04-05,Product B,2,True,Note for customer 825
826,50.795721457307124,12769.316979724706,A,2025-04-06,Product C,4,False,Note for customer 826
827,29.771399728467316,44598.97652492157,B,2025-04-07,Product A,3,False,Note for customer 827
828,30.798131829041427,20967.01848687686,B,2025-04-08,Product D,3,True,Note for customer 828
829,32.18215391139493,22235.042436152296,D,2025-04-09,Product C,5,True,Note for customer 829
830,21.55549488965723,31385.686111113013,D,2025-04-10,Product D,5,True,Note for customer 830
831,25.813480535158018,24750.675625685566,A,2025-04-11,Product A,5,False,Note for customer 831
832,24.95859233247932,35474.46131367427,C,2025-04-12,Product C,1,True,Note for customer 832
833,27.322024348958713,25426.878002674915,A,2025-04-13,Product D,5,True,Note for customer 833
834,34.65315112613219,16216.447965856863,C,2025-04-14,Product D,1,True,Note for customer 834
835,37.342147325365204,26390.29908235371,A,2025-04-15,Product B,5,False,Note for customer 835
836,50.50500492814077,12433.340536908765,D,2025-04-16,Product B,1,True,Note for customer 836
837,25.01645959261209,23255.10258338142,D,2025-04-17,Product B,4,False,Note for customer 837
838,44.843223984765835,21663.519692038877,C,2025-04-18,Product C,4,False,Note for customer 838
839,32.86011155774491,19849.648365295187,A,2025-04-19,Product A,3,True,Note for customer 839
840,34.50536290347567,20655.383039159533,C,2025-04-20,Product A,1,False,Note for customer 840
841,41.74819492166604,8596.199597042812,D,2025-04-21,Product B,2,True,Note for customer 841
842,23.772779784377015,16741.35937811195,A,2025-04-22,Product B,3,False,Note for customer 842
843,38.82409746184051,23073.09388066075,A,2025-04-23,Product B,4,False,Note for customer 843
844,36.66452208213056,23859.27228937201,C,2025-04-24,Product D,1,True,Note for customer 844
845,39.92451264008149,13176.133838265427,B,2025-04-25,Product B,5,True,Note for customer 845
846,37.89168643907818,41475.32372913781,C,2025-04-26,Product D,2,True,Note for customer 846
847,59.55300139910894,14284.246646505844,D,2025-04-27,Product A,4,False,Note for customer 847
848,28.62260015748684,35765.12731364402,D,2025-04-28,Product C,3,False,Note for customer 848
849,29.690030449981823,27271.49184877909,D,2025-04-29,Product C,1,True,Note for customer 849
850,28.768594735752355,15944.773034648548,D,2025-04-30,Product C,2,True,Note for customer 850
851,29.445228808397452,53511.691745360295,D,2025-05-01,Product C,1,False,Note for customer 851
852,28.626128726934823,12126.902177524224,B,2025-05-02,Product D,5,False,Note for customer 852
853,46.89016531107552,34876.79846925754,A,2025-05-03,Product D,3,False,Note for customer 853
854,49.20504247989855,36326.077799917104,C,2025-05-04,Product B,1,True,Note for customer 854
855,29.29253706250524,15751.484526482505,C,2025-05-05,Product D,4,False,Note for customer 855
856,26.676444268957713,44189.06547566884,D,2025-05-06,Product B,3,True,Note for customer 856
857,39.71415556386404,19437.835761977953,C,2025-05-07,Product B,4,False,Note for customer 857
858,29.477769557190285,25446.83911953542,D,2025-05-08,Product C,1,False,Note for customer 858
859,41.32931817755511,25088.40131676537,B,2025-05-09,Product D,3,True,Note for customer 859
860,37.029230208513,20595.865469400072,B,2025-05-10,Product D,4,True,Note for customer 860
861,19.84255885002768,33037.68427269887,A,2025-05-11,Product B,5,True,Note for customer 861
862,50.47505201330061,32752.820525665164,B,2025-05-12,Product B,5,False,Note for customer 862
863,52.95877673095522,9188.739200400592,B,2025-05-13,Product A,1,False,Note for customer 863
864,28.872113095156138,42284.257026211446,A,2025-05-14,Product A,3,False,Note for customer 864
865,31.12298440064016,9592.664837603437,C,2025-05-15,Product B,2,True,Note for customer 865
866,37.85865390724905,36911.30317288267,D,2025-05-16,Product A,3,False,Note for customer 866
867,38.34456789987025,38690.62371565445,D,2025-05-17,Product A,5,True,Note for customer 867
868,41.5854427267283,12765.695139769496,C,2025-05-18,Product B,4,True,Note for customer 868
869,55.102045387663495,17936.497026194764,A,2025-05-19,Product B,2,True,Note for customer 869
870,33.2305277250595,12671.968975216187,C,2025-05-20,Product D,1,False,Note for customer 870
871,27.017027554615463,19782.23288607058,B,2025-05-21,Product B,2,False,Note for customer 871
872,21.20680771985473,18882.34916189643,A,2025-05-22,Product B,1,True,Note for customer 872
873,27.69069960058081,32527.145509333746,A,2025-05-23,Product C,2,False,Note for customer 873
874,34.66873027126203,42410.632362885895,A,2025-05-24,Product D,1,True,Note for customer 874
875,52.94557863517788,44260.2342152423,D,2025-05-25,Product D,1,True,Note for customer 875
876,29.823887009638284,16629.20867236005,C,2025-05-26,Product D,2,False,Note for customer 876
877,37.237879516388986,19838.684300238798,A,2025-05-27,Product C,2,True,Note for customer 877
878,34.83577103927248,9492.724137501644,A,2025-05-28,Product B,1,True,Note for customer 878
879,46.88393273448084,14721.50997362528,A,2025-05-29,Product D,5,False,Note for customer 879
880,60.26932425873622,35682.862716054755,C,2025-05-30,Product D,2,True,Note for customer 880
881,29.691312270796793,49404.23418619669,D,2025-05-31,Product A,3,True,Note for customer 881
882,30.10560557481778,11882.5422491579,B,2025-06-01,Product D,4,True,Note for customer 882
883,45.44160877069072,16379.205802464423,D,2025-06-02,Product B,1,True,Note for customer 883
884,41.81891489626312,21737.564405221154,A,2025-06-03,Product B,1,True,Note for customer 884
885,53.46707325736034,25338.50816496454,D,2025-06-04,Product A,4,True,Note for customer 885
886,40.839281853259635,14694.05457154482,D,2025-06-05,Product D,5,True,Note for customer 886
887,31.407079092129404,27228.80017907855,B,2025-06-06,Product D,4,False,Note for customer 887
888,40.90654830692309,17380.085642683858,C,2025-06-07,Product D,2,False,Note for customer 888
889,46.087035805829075,21867.873265378515,C,2025-06-08,Product C,4,True,Note for customer 889
890,43.204821811973645,28944.692243597856,D,2025-06-09,Product D,1,True,Note for customer 890
891,40.07274031107298,22097.309431326885,D,2025-06-10,Product B,4,False,Note for customer 891
892,45.666746895891535,17708.62441075455,C,2025-06-11,Product B,3,False,Note for customer 892
893,46.692955904456724,20851.790483265373,C,2025-06-12,Product C,2,False,Note for customer 893
894,48.82158991037527,21074.488674590393,B,2025-06-13,Product C,4,False,Note for customer 894
895,41.48709887589643,18306.18912235367,A,2025-06-14,Product D,1,False,Note for customer 895
896,33.328819196831454,19352.985358804926,D,2025-06-15,Product A,2,True,Note for customer 896
897,36.46713686433323,48987.6539554367,C,2025-06-16,Product C,1,False,Note for customer 897
898,47.06508966508357,29157.274771003264,D,2025-06-17,Product C,5,False,Note for customer 898
899,26.83064329012764,19001.246114761434,D,2025-06-18,Product D,3,False,Note for customer 899
900,38.686733088729014,31209.48088809202,C,2025-06-19,Product D,5,True,Note for customer 900
901,31.066611876726395,18640.46911659125,B,2025-06-20,Product C,3,True,Note for customer 901
902,35.28744822934817,39599.125703061276,D,2025-06-21,Product A,4,True,Note for customer 902
903,47.78451862607299,26497.908811820478,B,2025-06-22,Product C,2,True,Note for customer 903
904,36.910990680199035,20875.86378944149,C,2025-06-23,Product D,4,True,Note for customer 904
905,35.46436548156149,27552.773000874942,A,2025-06-24,Product D,3,True,Note for customer 905
906,21.401438590200808,10042.30475292478,A,2025-06-25,Product C,3,False,Note for customer 906
907,42.46253566027221,12539.215664561469,D,2025-06-26,Product A,3,True,Note for customer 907
908,41.45484181141075,12125.154970552145,C,2025-06-27,Product C,1,True,Note for customer 908
909,56.6325472330546,23658.35355432744,B,2025-06-28,Product C,2,False,Note for customer 909
910,31.922217650469992,52378.815265840916,D,2025-06-29,Product D,4,True,Note for customer 910
911,37.19150327663939,67214.88957982388,C,2025-06-30,Product A,4,False,Note for customer 911
912,37.49383683710755,30303.713772028303,C,2025-07-01,Product B,5,False,Note for customer 912
913,50.77453279763475,28294.486390867693,B,2025-07-02,Product A,3,True,Note for customer 913
914,34.047044676130476,8950.55779619104,D,2025-07-03,Product C,3,False,Note for customer 914
915,37.790215257703395,16792.087967347692,C,2025-07-04,Product C,3,False,Note for customer 915
916,41.078965097165394,14855.242675478137,C,2025-07-05,Product C,4,False,Note for customer 916
917,36.86609123156358,16148.399165756644,C,2025-07-06,Product A,5,False,Note for customer 917
918,30.535663854494718,20250.36487128879,B,2025-07-07,Product D,1,True,Note for customer 918
919,36.94089992898308,17395.289169323536,D,2025-07-08,Product C,2,False,Note for customer 919
920,45.73631749859772,8187.387135014579,D,2025-07-09,Product C,1,True,Note for customer 920
921,24.7348470058894,32014.84972533196,D,2025-07-10,Product A,4,False,Note for customer 921
922,36.32969674146876,12882.543889821078,D,2025-07-11,Product B,3,False,Note for customer 922
923,27.998791850608267,24825.420617068416,A,2025-07-12,Product B,2,False,Note for customer 923
924,46.950466289248425,62133.5472158631,A,2025-07-13,Product D,4,True,Note for customer 924
925,19.768130952162252,13909.226893799267,D,2025-07-14,Product D,4,True,Note for customer 925
926,29.410781527284115,6215.840540382597,B,2025-07-15,Product C,4,True,Note for customer 926
927,38.772118750645205,19091.488550005615,A,2025-07-16,Product A,2,False,Note for customer 927
928,50.65524029234341,38195.76091018172,C,2025-07-17,Product C,2,False,Note for customer 928
929,34.34249738927012,58640.08154189483,A,2025-07-18,Product D,5,False,Note for customer 929
930,29.448004733068018,11911.090296357474,C,2025-07-19,Product A,5,False,Note for customer 930
931,53.8115706944059,28235.903238299234,D,2025-07-20,Product A,1,True,Note for customer 931
932,20.51986099583756,17454.360322117973,A,2025-07-21,Product D,2,False,Note for customer 932
933,13.011940433799182,20889.99933773104,B,2025-07-22,Product B,2,True,Note for customer 933
934,39.40014450053332,82633.60140897293,A,2025-07-23,Product B,2,False,Note for customer 934
935,29.979457756473888,10389.12469712997,A,2025-07-24,Product A,5,True,Note for customer 935
936,24.78767182869287,25005.968884862064,A,2025-07-25,Product C,4,True,Note for customer 936
937,42.08356447299353,27829.352441360097,D,2025-07-26,Product B,3,False,Note for customer 937
938,37.43800713771199,37907.07929711258,B,2025-07-27,Product C,5,False,Note for customer 938
939,29.359213692632714,23132.447781037103,A,2025-07-28,Product B,2,True,Note for customer 939
940,22.196956013291057,25694.32089849365,B,2025-07-29,Product B,5,False,Note for customer 940
941,43.724573282801444,18109.20617300358,D,2025-07-30,Product C,1,False,Note for customer 941
942,41.50201177958661,25199.097783651665,C,2025-07-31,Product D,2,True,Note for customer 942
943,34.00824136220617,18553.31692921652,A,2025-08-01,Product B,1,True,Note for customer 943
944,53.466369960476655,30055.048973302783,B,2025-08-02,Product B,2,True,Note for customer 944
945,24.299152336738473,18309.85707836705,B,2025-08-03,Product C,5,True,Note for customer 945
946,19.74474829075261,26596.906657900603,D,2025-08-04,Product D,4,False,Note for customer 946
947,28.080919301187556,21706.53384721827,A,2025-08-05,Product B,3,True,Note for customer 947
948,34.54413983644502,38677.9568146385,C,2025-08-06,Product B,1,True,Note for customer 948
949,37.43339449322692,21467.665207197788,B,2025-08-07,Product D,5,True,Note for customer 949
950,32.5876394214367,9076.861534778991,A,2025-08-08,Product B,4,False,Note for customer 950
951,38.520553965142966,41396.87816621401,C,2025-08-09,Product D,5,True,Note for customer 951
952,22.48460575809556,14004.498096045805,B,2025-08-10,Product D,1,False,Note for customer 952
953,49.437646040732595,15884.782122389022,B,2025-08-11,Product C,3,True,Note for customer 953
954,34.178488216074314,16353.044271651535,C,2025-08-12,Product A,5,True,Note for customer 954
955,46.172958315881274,43792.55245291895,C,2025-08-13,Product D,2,False,Note for customer 955
956,38.42725346377704,7571.624291841122,D,2025-08-14,Product C,4,True,Note for customer 956
957,39.567532191537836,105754.35380881812,A,2025-08-15,Product A,5,True,Note for customer 957
958,40.69767280232204,37347.76705860657,A,2025-08-16,Product B,4,False,Note for customer 958
959,39.47708560017315,24627.51165705419,D,2025-08-17,Product A,2,True,Note for customer 959
960,41.42722759867544,21430.126677909746,B,2025-08-18,Product D,3,True,Note for customer 960
961,48.29152530132431,25406.924588048438,C,2025-08-19,Product D,3,True,Note for customer 961
962,36.9652116970147,28582.822777522364,C,2025-08-20,Product D,2,True,Note for customer 962
963,42.09003757588512,30412.46368394606,C,2025-08-21,Product D,4,False,Note for customer 963
964,34.102643057127736,29079.89244358103,B,2025-08-22,Product D,5,True,Note for customer 964
965,49.40117215449473,23035.466768868097,C,2025-08-23,Product C,2,False,Note for customer 965
966,28.2360769794073,19956.911229033707,C,2025-08-24,Product D,1,True,Note for customer 966
967,53.00940432910816,20421.904589818456,D,2025-08-25,Product C,4,False,Note for customer 967
968,34.59842049355657,19981.17501081933,B,2025-08-26,Product B,3,True,Note for customer 968
969,20.69224897881952,38827.53925420944,A,2025-08-27,Product D,2,False,Note for customer 969
970,36.28104414910789,29636.985223820797,D,2025-08-28,Product D,3,True,Note for customer 970
971,28.18948342525119,5063.461820824903,D,2025-08-29,Product A,4,False,Note for customer 971
972,43.406435489887244,30575.37997957934,A,2025-08-30,Product B,3,False,Note for customer 972
973,28.473760206976092,24279.0252306425,D,2025-08-31,Product D,2,True,Note for customer 973
974,30.538165667852205,21821.382611151894,B,2025-09-01,Product D,4,False,Note for customer 974
975,16.104592690544692,18137.570305858495,C,2025-09-02,Product B,1,True,Note for customer 975
976,30.476936807509233,38640.50509249676,B,2025-09-03,Product C,2,True,Note for customer 976
977,10.761206733710434,35375.09183771884,A,2025-09-04,Product D,5,True,Note for customer 977
978,19.16097176514277,14966.37303890222,A,2025-09-05,Product A,2,True,Note for customer 978
979,42.604146561442974,26998.218020353892,D,2025-09-06,Product D,4,True,Note for customer 979
980,42.85800158650832,13550.403883030574,B,2025-09-07,Product A,2,False,Note for customer 980
981,39.254575617849646,11050.05757793899,B,2025-09-08,Product A,1,True,Note for customer 981
982,25.33023856870787,16101.076107354016,A,2025-09-09,Product D,1,True,Note for customer 982
983,34.5228864385802,33900.896423546146,B,2025-09-10,Product D,5,True,Note for customer 983
984,34.963974609094315,35474.255765713206,A,2025-09-11,Product A,3,True,Note for customer 984
985,23.416353108074574,28468.193060082816,B,2025-09-12,Product B,4,True,Note for customer 985
986,50.0339830176715,31651.72389115174,B,2025-09-13,Product B,4,True,Note for customer 986
987,43.77362290575671,28512.25128554464,B,2025-09-14,Product D,3,False,Note for customer 987
988,32.79035826170336,15982.652629570472,A,2025-09-15,Product C,1,False,Note for customer 988
989,35.26885838994531,27336.0404174497,D,2025-09-16,Product B,1,True,Note for customer 989
990,37.08382807947552,32866.35478619799,B,2025-09-17,Product D,2,False,Note for customer 990
991,14.582651315757094,32117.1574044876,A,2025-09-18,Product B,5,True,Note for customer 991
992,32.52822617479403,39912.9729146106,A,2025-09-19,Product C,5,True,Note for customer 992
993,28.180157520022014,31387.08945841252,B,2025-09-20,Product D,5,True,Note for customer 993
994,24.983799901050844,26257.950642272925,B,2025-09-21,Product C,2,True,Note for customer 994
995,32.18899707114045,37611.87557072979,D,2025-09-22,Product D,5,True,Note for customer 995
996,52.976865268495224,21736.30907223461,A,2025-09-23,Product C,3,False,Note for customer 996
997,41.4084286126701,14172.555672349268,A,2025-09-24,Product B,2,False,Note for customer 997
998,29.28821010217203,20301.83424872796,C,2025-09-25,Product B,3,False,Note for customer 998
999,40.72582781356159,15177.186293304994,A,2025-09-26,Product C,2,False,Note for customer 999
0,,44341.562352865156,B,2023-01-01,Product D,3,True,Note for customer 0
1,,34972.48335679403,C,2023-01-02,Product C,4,True,Note for customer 1
2,,22693.07713569102,B,2023-01-03,Product C,5,True,Note for customer 2
3,,15939.117885728794,C,2023-01-04,Product C,2,True,Note for customer 3
4,,31229.288168034192,C,2023-01-05,Product B,3,True,Note for customer 4
5,,26815.696697445055,D,2023-01-06,Product B,4,True,Note for customer 5
6,,34461.45079419379,C,2023-01-07,Product A,4,True,Note for customer 6
7,,30260.118422700518,B,2023-01-08,Product C,1,False,Note for customer 7
8,,37226.507647029866,D,2023-01-09,Product D,1,False,Note for customer 8
9,,16854.658968676587,A,2023-01-10,Product B,2,True,Note for customer 9
